export_format,exported_at,kind,entry_id,entry_kind,danish,pronunciation_cyrillic,audio_path,translation,senses,senses_json,sense_coverage,part_of_speech,noun_gender,example_sentence,example_translation,learning_status,familiarity,ai_enriched,catalog_lemma,created_at,updated_at,estimated_recall_percent,memory_tier,next_review_at,card_state,stability_days,difficulty,repetitions,lapses,learning_steps,elapsed_days,scheduled_days,last_review_at,review_count,review_again_count,review_hard_count,review_good_count,review_easy_count,review_correct_count,review_mostly_correct_count,review_incorrect_count,first_review_at,latest_review_at,practice_attempt_count,practice_correct_count,practice_mostly_correct_count,practice_incorrect_count,practice_ungraded_count,practice_typed_count,practice_spoken_count,latest_practice_at,review_history_json,practice_history_json
ordly-material-v1,2026-09-22T08:53:56.717Z,word,b1966a79-3c5e-4648-b6d1-06da4ea8d0e0,word,mere,мээ́рэ,words/mere-ad189bc3.mp3,"больше, ещё",больше [adverb; ai] | ещё [adverb; ai],"[{""id"":""b835cd6b-9eca-49ba-8484-ed09b7a56636"",""pos"":""adverb"",""note"":null,""text"":""больше"",""gender"":null,""locked"":false,""source"":""ai"",""example"":null,""coverage"":{""produced"":0,""last_seen"":null,""recognized"":0},""created_at"":""2026-09-21T13:43:29.683Z"",""removed_at"":null,""example_translation"":null},{""id"":""a7ec3c0a-7b1d-4c8f-be32-86a5a0eae0c1"",""pos"":""adverb"",""note"":null,""text"":""ещё"",""gender"":null,""locked"":false,""source"":""ai"",""example"":null,""coverage"":{""produced"":0,""last_seen"":null,""recognized"":0},""created_at"":""2026-09-21T13:43:29.683Z"",""removed_at"":null,""example_translation"":null}]","больше: recognized 0, produced 0, last seen never | ещё: recognized 0, produced 0, last seen never",adverb,,Jeg vil gerne have mere vand.,Я хочу больше воды.,new,0,true,,2026-09-21T13:43:40.140948+00:00,2026-09-21T14:16:45.964514+00:00,,new,2026-09-21T13:43:40.140948+00:00,0,0,0,0,0,0,0,0,,0,0,0,0,0,0,0,0,,,0,0,0,0,0,0,0,,[],[]
ordly-material-v1,2026-09-22T08:53:56.717Z,word,3e48d822-5293-4721-ba74-e30ca5705856,word,doven,до́уэн,words/doven-5a827166.mp3,ленивый,ленивый [adjective; ai],"[{""id"":""a311a294-2381-4517-a2a3-300db74924db"",""pos"":""adjective"",""note"":null,""text"":""ленивый"",""gender"":null,""locked"":false,""source"":""ai"",""example"":null,""coverage"":{""produced"":0,""last_seen"":""2026-09-21T16:15:49.303Z"",""recognized"":2},""created_at"":""2026-09-16T14:40:44Z"",""removed_at"":null,""example_translation"":null},{""id"":""a1bde6df-09b5-4c75-a5a6-d86eae007667"",""pos"":null,""note"":null,""text"":""ленивый"",""gender"":null,""locked"":false,""source"":""user"",""example"":null,""coverage"":{""produced"":0,""last_seen"":""2026-09-17T21:00:28.445Z"",""recognized"":1},""created_at"":""2026-09-17T21:00:26.943Z"",""removed_at"":""2026-09-18T10:50:34.781Z"",""example_translation"":null}]","ленивый: recognized 2, produced 0, last seen 2026-09-21T16:15:49.303Z",adjective,,Jeg er doven i dag.,Я сегодня ленивый.,learning,0,true,,2026-09-15T16:40:38.238789+00:00,2026-09-21T16:15:49.303286+00:00,100,building,2026-09-23T16:15:49.22+00:00,2,2.06930672,7.58441627,4,0,0,0,2,2026-09-21T16:15:49.22+00:00,4,1,1,2,0,3,0,1,2026-09-17T20:58:25.334+00:00,2026-09-21T16:15:49.22+00:00,0,0,0,0,0,0,0,,"[{""reviewed_at"":""2026-09-17T20:58:25.334+00:00"",""study_date"":""2026-09-17"",""rating"":1,""answer_result"":""incorrect"",""answer_text"":null,""previous_state"":0,""stability_days"":0.212,""difficulty"":6.4133,""scheduled_days"":0},{""reviewed_at"":""2026-09-17T21:00:28.35+00:00"",""study_date"":""2026-09-17"",""rating"":3,""answer_result"":""correct"",""answer_text"":""ленивый"",""previous_state"":1,""stability_days"":0.24668919,""difficulty"":6.40211507,""scheduled_days"":0},{""reviewed_at"":""2026-09-21T13:57:43.443+00:00"",""study_date"":""2026-09-21"",""rating"":2,""answer_result"":""correct"",""answer_text"":""ленивый"",""previous_state"":1,""stability_days"":2.06570962,""difficulty"":7.59678469,""scheduled_days"":0},{""reviewed_at"":""2026-09-21T16:15:49.22+00:00"",""study_date"":""2026-09-21"",""rating"":3,""answer_result"":""correct"",""answer_text"":""ленивый"",""previous_state"":1,""stability_days"":2.06930672,""difficulty"":7.58441627,""scheduled_days"":2}]",[]
ordly-material-v1,2026-09-22T08:53:56.717Z,word,31ea09b1-2548-47df-ab85-74f2a8ced3c6,word,man,ма́н,words/man-8175e3c8.mp3,"люди, человек","люди, человек [pronoun; ai]","[{""id"":""bc67a387-d688-5b60-a087-7395a80f4ee6"",""pos"":""pronoun"",""note"":null,""text"":""люди, человек"",""gender"":null,""locked"":false,""source"":""ai"",""example"":null,""coverage"":{""produced"":0,""last_seen"":""2026-09-21T16:38:56.280Z"",""recognized"":1},""created_at"":""2026-09-21T13:37:16.144Z"",""removed_at"":null,""example_translation"":null}]","люди, человек: recognized 1, produced 0, last seen 2026-09-21T16:38:56.280Z",pronoun,,Man skal spise for at leve.,"Человек должен есть, чтобы жить.",learning,0,false,man,2026-09-21T13:37:17.127515+00:00,2026-09-21T16:38:56.299819+00:00,100,building,2026-09-23T16:38:56.218+00:00,2,2.3065,2.11121424,2,0,0,0,2,2026-09-21T16:38:56.218+00:00,2,0,0,2,0,2,0,0,2026-09-21T14:33:56.602+00:00,2026-09-21T16:38:56.218+00:00,0,0,0,0,0,0,0,,"[{""reviewed_at"":""2026-09-21T14:33:56.602+00:00"",""study_date"":""2026-09-21"",""rating"":3,""answer_result"":""correct"",""answer_text"":""человек"",""previous_state"":0,""stability_days"":2.3065,""difficulty"":2.11810397,""scheduled_days"":0},{""reviewed_at"":""2026-09-21T16:38:56.218+00:00"",""study_date"":""2026-09-21"",""rating"":3,""answer_result"":""correct"",""answer_text"":""люди, человек"",""previous_state"":1,""stability_days"":2.3065,""difficulty"":2.11121424,""scheduled_days"":2}]",[]
ordly-material-v1,2026-09-22T08:53:56.717Z,word,aa3ee597-2417-45fe-b5f5-060b2d8caf80,word,sige,си́и,words/sige-c80281cb.mp3,"говорить, сказать","говорить, сказать [verb; ai]","[{""id"":""c1b8ee96-e3f7-59b8-b7dc-239c693afdbc"",""pos"":""verb"",""note"":null,""text"":""говорить, сказать"",""gender"":null,""locked"":false,""source"":""ai"",""example"":null,""coverage"":{""produced"":0,""last_seen"":null,""recognized"":0},""created_at"":""2026-09-21T13:38:02.704Z"",""removed_at"":null,""example_translation"":null}]","говорить, сказать: recognized 0, produced 0, last seen never",verb,,Kan du sige det igen?,Можешь сказать это ещё раз?,new,0,false,sige,2026-09-21T13:38:03.558826+00:00,2026-09-21T14:15:47.403676+00:00,,new,2026-09-21T13:38:03.558826+00:00,0,0,0,0,0,0,0,0,,0,0,0,0,0,0,0,0,,,0,0,0,0,0,0,0,,[],[]
ordly-material-v1,2026-09-22T08:53:56.717Z,word,ffd44cc5-8065-4f75-bb3d-1f78ec7c151e,word,yndlings,ю́нлингс,,"любимый, излюбленный",любимый [adjective; ai] | излюбленный [adjective; ai],"[{""id"":""a2ffc82d-bbfb-4b33-9471-257b43dada69"",""pos"":""adjective"",""note"":null,""text"":""любимый"",""gender"":null,""source"":""ai"",""example"":null,""coverage"":{""produced"":0,""last_seen"":""2026-09-17T21:13:23.777Z"",""recognized"":2},""created_at"":""2026-09-16T14:40:44Z"",""removed_at"":null,""example_translation"":null},{""id"":""80de510f-55fe-47ff-bfa9-f06c762302e1"",""pos"":""adjective"",""note"":null,""text"":""излюбленный"",""gender"":null,""source"":""ai"",""example"":null,""coverage"":{""produced"":0,""last_seen"":null,""recognized"":0},""created_at"":""2026-09-16T14:40:44Z"",""removed_at"":null,""example_translation"":null}]","любимый: recognized 2, produced 0, last seen 2026-09-17T21:13:23.777Z | излюбленный: recognized 0, produced 0, last seen never",adjective,,Hvad er dit yndlingsfarve?,Какой твой любимый цвет?,learning,0,true,,2026-09-15T15:52:18.394414+00:00,2026-09-18T09:21:06.838649+00:00,94,growing,2026-09-26T21:13:23.716+00:00,2,7.31530068,2.11121424,2,0,0,1,9,2026-09-17T21:13:23.716+00:00,2,0,0,2,0,2,0,0,2026-09-16T17:51:51.488+00:00,2026-09-17T21:13:23.716+00:00,0,0,0,0,0,0,0,,"[{""reviewed_at"":""2026-09-16T17:51:51.488+00:00"",""study_date"":""2026-09-16"",""rating"":3,""answer_result"":""correct"",""answer_text"":""любимый"",""previous_state"":0,""stability_days"":2.3065,""difficulty"":2.11810397,""scheduled_days"":0},{""reviewed_at"":""2026-09-17T21:13:23.716+00:00"",""study_date"":""2026-09-17"",""rating"":3,""answer_result"":""correct"",""answer_text"":""любимый"",""previous_state"":1,""stability_days"":7.31530068,""difficulty"":2.11121424,""scheduled_days"":9}]",[]
ordly-material-v1,2026-09-22T08:53:56.717Z,word,59471451-bdc0-422c-a428-29e27429ee39,word,gerne,гэ́анэ,words/gerne-7c4810f7.mp3,с удовольствием,с удовольствием [adverb; ai],"[{""id"":""89d3383e-5de7-4cb3-b991-1624f66e15b7"",""pos"":""adverb"",""note"":null,""text"":""с удовольствием"",""gender"":null,""source"":""ai"",""example"":null,""coverage"":{""produced"":0,""last_seen"":""2026-09-21T16:30:21.197Z"",""recognized"":2},""created_at"":""2026-09-16T14:40:44Z"",""removed_at"":null,""example_translation"":null}]","с удовольствием: recognized 2, produced 0, last seen 2026-09-21T16:30:21.197Z",adverb,,Jeg vil gerne have en kop kaffe.,Я бы хотел чашку кофе.,learning,0,true,,2026-09-04T16:05:11.443242+00:00,2026-09-21T16:30:21.19768+00:00,100,fragile,2026-09-22T16:30:21.089+00:00,2,0.7847623,9.93044274,15,1,0,0,1,2026-09-21T16:30:21.089+00:00,15,6,1,8,0,8,0,7,2026-09-04T20:26:43.293+00:00,2026-09-21T16:30:21.089+00:00,2,1,0,1,0,2,0,2026-09-17T11:42:14.583Z,"[{""reviewed_at"":""2026-09-04T20:26:43.293+00:00"",""study_date"":""2026-09-04"",""rating"":1,""answer_result"":""incorrect"",""answer_text"":null,""previous_state"":0,""stability_days"":0.212,""difficulty"":6.4133,""scheduled_days"":0},{""reviewed_at"":""2026-09-04T21:07:47.308+00:00"",""study_date"":""2026-09-04"",""rating"":1,""answer_result"":""incorrect"",""answer_text"":null,""previous_state"":1,""stability_days"":0.08335672,""difficulty"":8.80630447,""scheduled_days"":0},{""reviewed_at"":""2026-09-04T21:08:24.032+00:00"",""study_date"":""2026-09-04"",""rating"":3,""answer_result"":""correct"",""answer_text"":""с удовольствием"",""previous_state"":1,""stability_days"":0.10314065,""difficulty"":8.79272653,""scheduled_days"":0},{""reviewed_at"":""2026-09-05T11:55:18.408+00:00"",""study_date"":""2026-09-05"",""rating"":1,""answer_result"":""incorrect"",""answer_text"":null,""previous_state"":1,""stability_days"":0.0560282,""difficulty"":9.58840579,""scheduled_days"":0},{""reviewed_at"":""2026-09-05T11:55:48.933+00:00"",""study_date"":""2026-09-05"",""rating"":3,""answer_result"":""correct"",""answer_text"":""gerne"",""previous_state"":1,""stability_days"":0.07116209,""difficulty"":9.57404575,""scheduled_days"":0},{""reviewed_at"":""2026-09-06T09:15:05.341+00:00"",""study_date"":""2026-09-06"",""rating"":1,""answer_result"":""incorrect"",""answer_text"":null,""previous_state"":1,""stability_days"":0.04123577,""difficulty"":9.84522011,""scheduled_days"":0},{""reviewed_at"":""2026-09-07T14:35:00.976+00:00"",""study_date"":""2026-09-07"",""rating"":1,""answer_result"":""incorrect"",""answer_text"":null,""previous_state"":1,""stability_days"":0.02620231,""difficulty"":9.93435328,""scheduled_days"":0},{""reviewed_at"":""2026-09-07T14:37:58.853+00:00"",""study_date"":""2026-09-07"",""rating"":3,""answer_result"":""correct"",""answer_text"":""с удовольствием"",""previous_state"":1,""stability_days"":0.03498646,""difficulty"":9.9196473,""scheduled_days"":0},{""reviewed_at"":""2026-09-08T13:50:30.459+00:00"",""study_date"":""2026-09-08"",""rating"":3,""answer_result"":""correct"",""answer_text"":""gerne"",""previous_state"":1,""stability_days"":0.19848108,""difficulty"":9.90495602,""scheduled_days"":1},{""reviewed_at"":""2026-09-11T06:18:49.013+00:00"",""study_date"":""2026-09-11"",""rating"":2,""answer_result"":""incorrect"",""answer_text"":null,""previous_state"":2,""stability_days"":0.55216546,""difficulty"":9.92213375,""scheduled_days"":1},{""reviewed_at"":""2026-09-12T10:33:23.544+00:00"",""study_date"":""2026-09-12"",""rating"":3,""answer_result"":""correct"",""answer_text"":""с удовольствием"",""previous_state"":2,""stability_days"":1.07736153,""difficulty"":9.90743999,""scheduled_days"":2},{""reviewed_at"":""2026-09-15T14:03:54.016+00:00"",""study_date"":""2026-09-15"",""rating"":3,""answer_result"":""correct"",""answer_text"":""с удовольствием"",""previous_state"":2,""stability_days"":2.26774053,""difficulty"":9.89276092,""scheduled_days"":3},{""reviewed_at"":""2026-09-17T11:42:14.583+00:00"",""study_date"":""2026-09-17"",""rating"":3,""answer_result"":""correct"",""answer_text"":null,""previous_state"":2,""stability_days"":3.34527781,""difficulty"":9.87809653,""scheduled_days"":4},{""reviewed_at"":""2026-09-21T14:25:52.094+00:00"",""study_date"":""2026-09-21"",""rating"":1,""answer_result"":""incorrect"",""answer_text"":""godt lig"",""previous_state"":2,""stability_days"":0.73168384,""difficulty"":9.94515953,""scheduled_days"":0},{""reviewed_at"":""2026-09-21T16:30:21.089+00:00"",""study_date"":""2026-09-21"",""rating"":3,""answer_result"":""correct"",""answer_text"":""С удовольствием"",""previous_state"":3,""stability_days"":0.7847623,""difficulty"":9.93044274,""scheduled_days"":1}]","[{""at"":""2026-09-11T06:18:49.013Z"",""kind"":""recall"",""objective"":""meaning"",""result"":""incorrect"",""rating"":2,""assistance"":""none"",""modality"":""typed"",""response_ms"":7964,""replays"":0},{""at"":""2026-09-17T11:42:14.583Z"",""kind"":""recall"",""objective"":""meaning"",""result"":""correct"",""rating"":3,""assistance"":""none"",""modality"":""typed"",""response_ms"":21174.89999999944,""replays"":0}]"
ordly-material-v1,2026-09-22T08:53:56.717Z,word,061e955c-7b2d-4b3c-b438-a44884aa9a18,word,anden,а́ннэн,words/anden-7501bc51.mp3,другой,другой [adjective; ai],"[{""id"":""535508a0-58ab-4661-9df5-1f883fbeb4d3"",""pos"":""adjective"",""note"":null,""text"":""другой"",""gender"":null,""source"":""ai"",""example"":null,""coverage"":{""produced"":0,""last_seen"":""2026-09-21T16:56:46.211Z"",""recognized"":3},""created_at"":""2026-09-16T14:40:44Z"",""removed_at"":null,""example_translation"":null}]","другой: recognized 3, produced 0, last seen 2026-09-21T16:56:46.211Z",adjective,,Taler du et andet sprog?,Ты говоришь на другом языке?,learning,0,true,,2026-09-15T16:20:44.824662+00:00,2026-09-21T16:56:46.211669+00:00,100,fragile,2026-09-22T16:56:46.102+00:00,2,0.78056973,9.16244706,6,0,0,0,1,2026-09-21T16:56:46.102+00:00,6,2,1,3,0,3,1,2,2026-09-16T17:53:49.655+00:00,2026-09-21T16:56:46.102+00:00,0,0,0,0,0,0,0,,"[{""reviewed_at"":""2026-09-16T17:53:49.655+00:00"",""study_date"":""2026-09-16"",""rating"":1,""answer_result"":""incorrect"",""answer_text"":null,""previous_state"":0,""stability_days"":0.212,""difficulty"":6.4133,""scheduled_days"":0},{""reviewed_at"":""2026-09-16T17:54:01.463+00:00"",""study_date"":""2026-09-16"",""rating"":3,""answer_result"":""correct"",""answer_text"":""другой"",""previous_state"":1,""stability_days"":0.24668919,""difficulty"":6.40211507,""scheduled_days"":0},{""reviewed_at"":""2026-09-17T21:14:20.175+00:00"",""study_date"":""2026-09-17"",""rating"":1,""answer_result"":""incorrect"",""answer_text"":null,""previous_state"":1,""stability_days"":0.11336723,""difficulty"":8.80262806,""scheduled_days"":0},{""reviewed_at"":""2026-09-21T13:59:38.568+00:00"",""study_date"":""2026-09-21"",""rating"":2,""answer_result"":""mostly"",""answer_text"":""alden"",""previous_state"":1,""stability_days"":0.6746847,""difficulty"":9.19035708,""scheduled_days"":0},{""reviewed_at"":""2026-09-21T16:16:16.725+00:00"",""study_date"":""2026-09-21"",""rating"":3,""answer_result"":""correct"",""answer_text"":""другой"",""previous_state"":1,""stability_days"":0.7275003,""difficulty"":9.17639509,""scheduled_days"":0},{""reviewed_at"":""2026-09-21T16:56:46.102+00:00"",""study_date"":""2026-09-21"",""rating"":3,""answer_result"":""correct"",""answer_text"":""другой"",""previous_state"":1,""stability_days"":0.78056973,""difficulty"":9.16244706,""scheduled_days"":1}]",[]
ordly-material-v1,2026-09-22T08:53:56.717Z,word,11e444f7-8e5b-4795-b8cc-d1f2883a995c,word,grej,гра́й,words/grej-1313a4c7.mp3,"принадлежности, оборудование","принадлежности [noun, et; ai] | оборудование [noun, et; ai]","[{""id"":""ea7c3686-038e-4200-a6d6-7f924d4889cc"",""pos"":""noun"",""note"":null,""text"":""принадлежности"",""gender"":""et"",""source"":""ai"",""example"":null,""coverage"":{""produced"":0,""last_seen"":null,""recognized"":0},""created_at"":""2026-09-16T14:40:44Z"",""removed_at"":null,""example_translation"":null},{""id"":""dceb2f10-77a0-4acf-a3cd-ea455bceacac"",""pos"":""noun"",""note"":null,""text"":""оборудование"",""gender"":""et"",""source"":""ai"",""example"":null,""coverage"":{""produced"":0,""last_seen"":null,""recognized"":0},""created_at"":""2026-09-16T14:40:44Z"",""removed_at"":null,""example_translation"":null}]","принадлежности: recognized 0, produced 0, last seen never | оборудование: recognized 0, produced 0, last seen never",noun,et,Jeg har brug for nyt grej til cyklen.,Мне нужно новое снаряжение для велосипеда.,learning,0,true,,2026-09-07T16:56:47.067009+00:00,2026-09-21T14:16:45.964514+00:00,100,building,2026-09-25T14:10:01.996+00:00,2,4.01247829,9.4231994,7,0,0,4,4,2026-09-21T14:10:01.996+00:00,7,2,2,3,0,3,0,4,2026-09-09T14:57:06.007+00:00,2026-09-21T14:10:01.996+00:00,4,2,0,2,0,4,0,2026-09-17T11:54:10.619Z,"[{""reviewed_at"":""2026-09-09T14:57:06.007+00:00"",""study_date"":""2026-09-09"",""rating"":1,""answer_result"":""incorrect"",""answer_text"":null,""previous_state"":0,""stability_days"":0.212,""difficulty"":6.4133,""scheduled_days"":0},{""reviewed_at"":""2026-09-12T10:20:18.504+00:00"",""study_date"":""2026-09-12"",""rating"":1,""answer_result"":""incorrect"",""answer_text"":null,""previous_state"":1,""stability_days"":0.12028337,""difficulty"":8.80630447,""scheduled_days"":0},{""reviewed_at"":""2026-09-12T10:22:07.252+00:00"",""study_date"":""2026-09-12"",""rating"":3,""answer_result"":""correct"",""answer_text"":null,""previous_state"":1,""stability_days"":0.14528314,""difficulty"":8.79272653,""scheduled_days"":0},{""reviewed_at"":""2026-09-12T23:54:33.692+00:00"",""study_date"":""2026-09-13"",""rating"":3,""answer_result"":""correct"",""answer_text"":""grej"",""previous_state"":1,""stability_days"":0.17331199,""difficulty"":8.77916217,""scheduled_days"":1},{""reviewed_at"":""2026-09-15T14:02:09.229+00:00"",""study_date"":""2026-09-15"",""rating"":2,""answer_result"":""incorrect"",""answer_text"":""gejrn"",""previous_state"":2,""stability_days"":0.8410019,""difficulty"":9.17477933,""scheduled_days"":1},{""reviewed_at"":""2026-09-17T11:41:29.764+00:00"",""study_date"":""2026-09-17"",""rating"":2,""answer_result"":""incorrect"",""answer_text"":null,""previous_state"":2,""stability_days"":1.73271417,""difficulty"":9.43740844,""scheduled_days"":2},{""reviewed_at"":""2026-09-21T14:10:01.996+00:00"",""study_date"":""2026-09-21"",""rating"":3,""answer_result"":""correct"",""answer_text"":""grej"",""previous_state"":2,""stability_days"":4.01247829,""difficulty"":9.4231994,""scheduled_days"":4}]","[{""at"":""2026-09-12T10:20:18.504Z"",""kind"":""recall"",""objective"":""meaning"",""result"":""incorrect"",""rating"":1,""assistance"":""model"",""modality"":""typed"",""response_ms"":7074,""replays"":0},{""at"":""2026-09-12T10:22:07.252Z"",""kind"":""recall"",""objective"":""meaning"",""result"":""correct"",""rating"":3,""assistance"":""none"",""modality"":""typed"",""response_ms"":11094.00000000003,""replays"":0},{""at"":""2026-09-17T11:41:29.764Z"",""kind"":""recall"",""objective"":""meaning"",""result"":""incorrect"",""rating"":2,""assistance"":""none"",""modality"":""typed"",""response_ms"":25417.599999999627,""replays"":0},{""at"":""2026-09-17T11:54:10.619Z"",""kind"":""produce"",""objective"":""production"",""result"":""correct"",""rating"":3,""assistance"":""none"",""modality"":""typed"",""response_ms"":5097.4000000003725,""replays"":0}]"
ordly-material-v1,2026-09-22T08:53:56.717Z,phrase,403ac2c1-a160-4cfa-ac7b-16aaadbb10a4,word,kigger på,ки́гэ по,,"смотрит на, смотреть на",смотрит на [phrase; ai] | смотреть на [unclassified; user],"[{""id"":""8ac08109-bf15-409e-bc05-0fc14b5ed806"",""pos"":""phrase"",""note"":null,""text"":""смотрит на"",""gender"":null,""locked"":false,""source"":""ai"",""example"":null,""coverage"":{""produced"":0,""last_seen"":null,""recognized"":0},""created_at"":""2026-09-16T14:40:44Z"",""removed_at"":null,""example_translation"":null},{""id"":""168436b1-8fd3-4c43-9adc-702da42ca7ab"",""pos"":null,""note"":null,""text"":""смотреть на"",""gender"":null,""locked"":false,""source"":""user"",""example"":null,""coverage"":{""produced"":0,""last_seen"":""2026-09-21T16:17:22.979Z"",""recognized"":2},""created_at"":""2026-09-21T14:00:22.190Z"",""removed_at"":null,""example_translation"":null}]","смотрит на: recognized 0, produced 0, last seen never | смотреть на: recognized 2, produced 0, last seen 2026-09-21T16:17:22.979Z",phrase,,Jeg kigger på billedet.,Я смотрю на картину.,learning,0,true,,2026-09-15T16:28:35.116066+00:00,2026-09-21T16:17:22.979417+00:00,100,building,2026-09-22T16:17:22.901+00:00,2,1.02834704,8.77916217,4,0,0,0,1,2026-09-21T16:17:22.901+00:00,4,2,0,2,0,2,0,2,2026-09-16T20:30:48.806+00:00,2026-09-21T16:17:22.901+00:00,0,0,0,0,0,0,0,,"[{""reviewed_at"":""2026-09-16T20:30:48.806+00:00"",""study_date"":""2026-09-16"",""rating"":1,""answer_result"":""incorrect"",""answer_text"":null,""previous_state"":0,""stability_days"":0.212,""difficulty"":6.4133,""scheduled_days"":0},{""reviewed_at"":""2026-09-18T06:55:28.292+00:00"",""study_date"":""2026-09-18"",""rating"":1,""answer_result"":""incorrect"",""answer_text"":null,""previous_state"":1,""stability_days"":0.11279815,""difficulty"":8.80630447,""scheduled_days"":0},{""reviewed_at"":""2026-09-21T14:00:24.304+00:00"",""study_date"":""2026-09-21"",""rating"":3,""answer_result"":""correct"",""answer_text"":""смотреть на"",""previous_state"":1,""stability_days"":0.97722409,""difficulty"":8.79272653,""scheduled_days"":0},{""reviewed_at"":""2026-09-21T16:17:22.901+00:00"",""study_date"":""2026-09-21"",""rating"":3,""answer_result"":""correct"",""answer_text"":""смотреть на"",""previous_state"":1,""stability_days"":1.02834704,""difficulty"":8.77916217,""scheduled_days"":1}]",[]
ordly-material-v1,2026-09-22T08:53:56.717Z,word,ada53598-4992-45a0-a1ae-f9d49c2a5df2,word,lave,лейве(а),words/lave-bbec9db2.mp3,"делать, готовить",делать [verb; ai] | готовить [verb; ai],"[{""id"":""9f0c9fc8-224d-4eb5-afe6-347255fbf71f"",""pos"":""verb"",""note"":null,""text"":""делать"",""gender"":null,""source"":""ai"",""example"":null,""coverage"":{""produced"":0,""last_seen"":""2026-09-21T13:47:21.158Z"",""recognized"":1},""created_at"":""2026-09-16T14:40:44Z"",""removed_at"":null,""example_translation"":null},{""id"":""d29d1415-dca2-4be5-b950-157a0b0920da"",""pos"":""verb"",""note"":null,""text"":""готовить"",""gender"":null,""source"":""ai"",""example"":null,""coverage"":{""produced"":0,""last_seen"":null,""recognized"":0},""created_at"":""2026-09-16T14:40:44Z"",""removed_at"":null,""example_translation"":null}]","делать: recognized 1, produced 0, last seen 2026-09-21T13:47:21.158Z | готовить: recognized 0, produced 0, last seen never",verb,,Jeg vil lave mad i dag.,Я хочу приготовить еду сегодня.,learning,0,true,,2026-09-02T17:01:53.790263+00:00,2026-09-21T14:15:47.403676+00:00,100,growing,2026-09-29T13:47:21.076+00:00,2,7.81811635,9.57325957,10,1,0,9,8,2026-09-21T13:47:21.076+00:00,10,2,2,6,0,7,1,2,2026-09-03T06:12:07.422+00:00,2026-09-21T13:47:21.076+00:00,0,0,0,0,0,0,0,,"[{""reviewed_at"":""2026-09-03T06:12:07.422+00:00"",""study_date"":""2026-09-03"",""rating"":2,""answer_result"":""correct"",""answer_text"":null,""previous_state"":0,""stability_days"":1.2931,""difficulty"":5.11217071,""scheduled_days"":0},{""reviewed_at"":""2026-09-03T06:27:11.725+00:00"",""study_date"":""2026-09-03"",""rating"":1,""answer_result"":""incorrect"",""answer_text"":null,""previous_state"":1,""stability_days"":0.45140292,""difficulty"":8.37863212,""scheduled_days"":0},{""reviewed_at"":""2026-09-03T07:09:43.098+00:00"",""study_date"":""2026-09-03"",""rating"":3,""answer_result"":""correct"",""answer_text"":""делать"",""previous_state"":1,""stability_days"":0.49978266,""difficulty"":8.36548186,""scheduled_days"":0},{""reviewed_at"":""2026-09-03T09:41:18.47+00:00"",""study_date"":""2026-09-03"",""rating"":3,""answer_result"":""mostly"",""answer_text"":""laeve"",""previous_state"":1,""stability_days"":0.54965292,""difficulty"":8.35234475,""scheduled_days"":1},{""reviewed_at"":""2026-09-04T11:02:27.009+00:00"",""study_date"":""2026-09-04"",""rating"":1,""answer_result"":""incorrect"",""answer_text"":null,""previous_state"":2,""stability_days"":0.20219291,""difficulty"":9.44365529,""scheduled_days"":0},{""reviewed_at"":""2026-09-04T11:03:31.692+00:00"",""study_date"":""2026-09-04"",""rating"":3,""answer_result"":""correct"",""answer_text"":""Готовить"",""previous_state"":3,""stability_days"":0.23601178,""difficulty"":9.42944,""scheduled_days"":1},{""reviewed_at"":""2026-09-05T11:59:19.683+00:00"",""study_date"":""2026-09-05"",""rating"":3,""answer_result"":""correct"",""answer_text"":""lave"",""previous_state"":2,""stability_days"":0.83271017,""difficulty"":9.41523893,""scheduled_days"":2},{""reviewed_at"":""2026-09-07T14:40:10.234+00:00"",""study_date"":""2026-09-07"",""rating"":3,""answer_result"":""correct"",""answer_text"":""делать"",""previous_state"":2,""stability_days"":2.11667849,""difficulty"":9.40105206,""scheduled_days"":3},{""reviewed_at"":""2026-09-12T10:31:32.468+00:00"",""study_date"":""2026-09-12"",""rating"":2,""answer_result"":""correct"",""answer_text"":""lave"",""previous_state"":2,""stability_days"":3.79612529,""difficulty"":9.58761882,""scheduled_days"":5},{""reviewed_at"":""2026-09-21T13:47:21.076+00:00"",""study_date"":""2026-09-21"",""rating"":3,""answer_result"":""correct"",""answer_text"":""делать"",""previous_state"":2,""stability_days"":7.81811635,""difficulty"":9.57325957,""scheduled_days"":8}]",[]
ordly-material-v1,2026-09-22T08:53:56.717Z,word,c71d8a5c-34ac-4e36-85ce-fef7ff3df3fa,word,måske,мосге́,words/maaske-b8bb716c.mp3,может быть,может быть [adverb; ai],"[{""id"":""122ef781-87af-48d3-99dc-5bc3b732ac28"",""pos"":""adverb"",""note"":null,""text"":""может быть"",""gender"":null,""source"":""ai"",""example"":null,""coverage"":{""produced"":0,""last_seen"":null,""recognized"":0},""created_at"":""2026-09-16T14:40:44Z"",""removed_at"":null,""example_translation"":null}]","может быть: recognized 0, produced 0, last seen never",adverb,,Måske går vi i biografen i aften.,"Возможно, мы пойдем в кино сегодня вечером.",learning,0,true,,2026-09-04T16:00:17.544992+00:00,2026-09-21T14:15:47.403676+00:00,100,growing,2026-10-02T14:06:18.207+00:00,2,10.37149985,9.15184627,7,0,0,9,11,2026-09-21T14:06:18.207+00:00,7,2,1,4,0,3,0,4,2026-09-04T20:26:07.408+00:00,2026-09-21T14:06:18.207+00:00,0,0,0,0,0,0,0,,"[{""reviewed_at"":""2026-09-04T20:26:07.408+00:00"",""study_date"":""2026-09-04"",""rating"":1,""answer_result"":""incorrect"",""answer_text"":null,""previous_state"":0,""stability_days"":0.212,""difficulty"":6.4133,""scheduled_days"":0},{""reviewed_at"":""2026-09-04T21:08:03.086+00:00"",""study_date"":""2026-09-04"",""rating"":1,""answer_result"":""incorrect"",""answer_text"":null,""previous_state"":1,""stability_days"":0.08335672,""difficulty"":8.80630447,""scheduled_days"":0},{""reviewed_at"":""2026-09-04T21:08:30.494+00:00"",""study_date"":""2026-09-04"",""rating"":3,""answer_result"":""correct"",""answer_text"":""может быть"",""previous_state"":1,""stability_days"":0.10314065,""difficulty"":8.79272653,""scheduled_days"":0},{""reviewed_at"":""2026-09-05T11:55:23.773+00:00"",""study_date"":""2026-09-05"",""rating"":3,""answer_result"":""incorrect"",""answer_text"":null,""previous_state"":1,""stability_days"":0.69525471,""difficulty"":8.77916217,""scheduled_days"":1},{""reviewed_at"":""2026-09-07T14:36:25.424+00:00"",""study_date"":""2026-09-07"",""rating"":3,""answer_result"":""correct"",""answer_text"":""måske"",""previous_state"":2,""stability_days"":2.40450492,""difficulty"":8.76561138,""scheduled_days"":3},{""reviewed_at"":""2026-09-12T10:31:00.133+00:00"",""study_date"":""2026-09-12"",""rating"":2,""answer_result"":""incorrect"",""answer_text"":""поэтому"",""previous_state"":2,""stability_days"":4.82911339,""difficulty"":9.16578368,""scheduled_days"":6},{""reviewed_at"":""2026-09-21T14:06:18.207+00:00"",""study_date"":""2026-09-21"",""rating"":3,""answer_result"":""correct"",""answer_text"":""måske"",""previous_state"":2,""stability_days"":10.37149985,""difficulty"":9.15184627,""scheduled_days"":11}]",[]
ordly-material-v1,2026-09-22T08:53:56.717Z,word,52cb2c7a-3b0f-4e05-8adf-2a1c7ca78778,word,af,а,words/af-d1e62250.mp3,"из, от","из, от [preposition; ai]","[{""id"":""95163e94-7095-5605-8c68-28127f3db7af"",""pos"":""preposition"",""note"":null,""text"":""из, от"",""gender"":null,""locked"":false,""source"":""ai"",""example"":null,""coverage"":{""produced"":0,""last_seen"":null,""recognized"":0},""created_at"":""2026-09-21T13:35:25.717Z"",""removed_at"":null,""example_translation"":null},{""id"":""6c1f9ab7-3609-5f8d-8bfa-a0b74f4d0fe1"",""pos"":""preposition"",""note"":null,""text"":""кем (указывает деятеля в пассивных конструкциях)"",""gender"":null,""locked"":true,""source"":""ai"",""example"":""Bogen blev skrevet af ham."",""coverage"":{""produced"":0,""last_seen"":null,""recognized"":0},""created_at"":""2026-09-21T13:35:25.717Z"",""removed_at"":null,""example_translation"":""Книга была написана им.""}]","из, от: recognized 0, produced 0, last seen never",preposition,,Han kommer af en god familie.,Он из хорошей семьи.,learning,0,false,af,2026-09-21T13:35:26.790366+00:00,2026-09-21T16:38:32.72983+00:00,100,fragile,2026-09-22T16:38:32.657+00:00,2,0.28420636,6.39094132,3,0,0,0,1,2026-09-21T16:38:32.657+00:00,3,1,0,2,0,2,0,1,2026-09-21T14:27:48.206+00:00,2026-09-21T16:38:32.657+00:00,0,0,0,0,0,0,0,,"[{""reviewed_at"":""2026-09-21T14:27:48.206+00:00"",""study_date"":""2026-09-21"",""rating"":1,""answer_result"":""incorrect"",""answer_text"":""что"",""previous_state"":0,""stability_days"":0.212,""difficulty"":6.4133,""scheduled_days"":0},{""reviewed_at"":""2026-09-21T14:31:45.615+00:00"",""study_date"":""2026-09-21"",""rating"":3,""answer_result"":""correct"",""answer_text"":""из"",""previous_state"":1,""stability_days"":0.24668919,""difficulty"":6.40211507,""scheduled_days"":0},{""reviewed_at"":""2026-09-21T16:38:32.657+00:00"",""study_date"":""2026-09-21"",""rating"":3,""answer_result"":""correct"",""answer_text"":""из"",""previous_state"":1,""stability_days"":0.28420636,""difficulty"":6.39094132,""scheduled_days"":1}]",[]
ordly-material-v1,2026-09-22T08:53:56.717Z,word,0e7d285e-a698-4243-9b1c-7b3927bf86bc,word,ligge,лэ́гэ,words/ligge-b82c9a42.mp3,"лежать, находиться",лежать [verb; ai] | находиться [verb; ai],"[{""id"":""811bd7c8-ea9b-4424-b1ff-f43ec6cc0211"",""pos"":""verb"",""note"":null,""text"":""лежать"",""gender"":null,""source"":""ai"",""example"":null,""coverage"":{""produced"":0,""last_seen"":null,""recognized"":0},""created_at"":""2026-09-16T14:40:44Z"",""removed_at"":null,""example_translation"":null},{""id"":""4ceee72c-05d6-41da-884a-b168de5a3fa2"",""pos"":""verb"",""note"":null,""text"":""находиться"",""gender"":null,""source"":""ai"",""example"":null,""coverage"":{""produced"":0,""last_seen"":null,""recognized"":0},""created_at"":""2026-09-16T14:40:44Z"",""removed_at"":null,""example_translation"":null}]","лежать: recognized 0, produced 0, last seen never | находиться: recognized 0, produced 0, last seen never",verb,,Bogen ligger på bordet.,Книга лежит на столе.,learning,0,true,,2026-09-07T16:50:44.226215+00:00,2026-09-21T14:15:47.403676+00:00,96,growing,2026-09-30T21:00:11.297+00:00,2,11.34902908,6.37977875,4,0,0,5,13,2026-09-17T21:00:11.297+00:00,4,1,0,3,0,3,0,1,2026-09-09T14:55:07.387+00:00,2026-09-17T21:00:11.297+00:00,3,3,0,0,0,3,0,2026-09-15T13:55:16.362Z,"[{""reviewed_at"":""2026-09-09T14:55:07.387+00:00"",""study_date"":""2026-09-09"",""rating"":1,""answer_result"":""incorrect"",""answer_text"":null,""previous_state"":0,""stability_days"":0.212,""difficulty"":6.4133,""scheduled_days"":0},{""reviewed_at"":""2026-09-12T10:19:20.818+00:00"",""study_date"":""2026-09-12"",""rating"":3,""answer_result"":""correct"",""answer_text"":null,""previous_state"":1,""stability_days"":2.76096548,""difficulty"":6.40211507,""scheduled_days"":0},{""reviewed_at"":""2026-09-12T23:53:49.75+00:00"",""study_date"":""2026-09-13"",""rating"":3,""answer_result"":""correct"",""answer_text"":""лежит"",""previous_state"":1,""stability_days"":2.76096548,""difficulty"":6.39094132,""scheduled_days"":3},{""reviewed_at"":""2026-09-17T21:00:11.297+00:00"",""study_date"":""2026-09-17"",""rating"":3,""answer_result"":""correct"",""answer_text"":""ligger"",""previous_state"":2,""stability_days"":11.34902908,""difficulty"":6.37977875,""scheduled_days"":13}]","[{""at"":""2026-09-12T10:19:20.818Z"",""kind"":""recall"",""objective"":""meaning"",""result"":""correct"",""rating"":3,""assistance"":""none"",""modality"":""typed"",""response_ms"":9002,""replays"":0},{""at"":""2026-09-12T10:25:29.382Z"",""kind"":""produce"",""objective"":""production"",""result"":""correct"",""rating"":3,""assistance"":""none"",""modality"":""typed"",""response_ms"":4133,""replays"":0},{""at"":""2026-09-15T13:55:16.362Z"",""kind"":""produce"",""objective"":""production"",""result"":""correct"",""rating"":3,""assistance"":""none"",""modality"":""typed"",""response_ms"":4362.000000000029,""replays"":0}]"
ordly-material-v1,2026-09-22T08:53:56.717Z,word,e52647c9-c243-4269-9891-eeed729de229,word,værre,вэ́рэ,words/vaerre-f82143f7.mp3,хуже,хуже [adjective; ai],"[{""id"":""acfbf735-1d4c-46b1-883e-f6c1aa9ac4a0"",""pos"":""adjective"",""note"":null,""text"":""хуже"",""gender"":null,""source"":""ai"",""example"":null,""coverage"":{""produced"":0,""last_seen"":""2026-09-21T16:39:01.319Z"",""recognized"":3},""created_at"":""2026-09-16T14:40:44Z"",""removed_at"":null,""example_translation"":null}]","хуже: recognized 3, produced 0, last seen 2026-09-21T16:39:01.319Z",adjective,,Det er ikke værre end det.,"Это не хуже, чем это.",learning,0,true,,2026-09-15T16:41:25.533438+00:00,2026-09-21T16:39:01.357324+00:00,100,fragile,2026-09-22T16:39:01.235+00:00,2,0.54829428,8.35234475,4,0,0,0,1,2026-09-21T16:39:01.235+00:00,4,1,1,2,0,3,0,1,2026-09-17T20:58:56.923+00:00,2026-09-21T16:39:01.235+00:00,0,0,0,0,0,0,0,,"[{""reviewed_at"":""2026-09-17T20:58:56.923+00:00"",""study_date"":""2026-09-17"",""rating"":2,""answer_result"":""correct"",""answer_text"":""хуже"",""previous_state"":0,""stability_days"":1.2931,""difficulty"":5.11217071,""scheduled_days"":0},{""reviewed_at"":""2026-09-21T13:50:34.64+00:00"",""study_date"":""2026-09-21"",""rating"":1,""answer_result"":""incorrect"",""answer_text"":null,""previous_state"":1,""stability_days"":0.45012466,""difficulty"":8.37863212,""scheduled_days"":0},{""reviewed_at"":""2026-09-21T14:34:54.886+00:00"",""study_date"":""2026-09-21"",""rating"":3,""answer_result"":""correct"",""answer_text"":""хуже"",""previous_state"":1,""stability_days"":0.4984604,""difficulty"":8.36548186,""scheduled_days"":0},{""reviewed_at"":""2026-09-21T16:39:01.235+00:00"",""study_date"":""2026-09-21"",""rating"":3,""answer_result"":""correct"",""answer_text"":""хуже"",""previous_state"":1,""stability_days"":0.54829428,""difficulty"":8.35234475,""scheduled_days"":1}]",[]
ordly-material-v1,2026-09-22T08:53:56.717Z,word,8ff67aba-5d08-4749-9f33-126b83ebf4cf,word,endnu,эну́,words/endnu-d66f70d7.mp3,ещё,ещё [adverb; ai],"[{""id"":""dd290016-65aa-4063-9c2f-f07f5fb8e5af"",""pos"":""adverb"",""note"":null,""text"":""ещё"",""gender"":null,""source"":""ai"",""example"":null,""coverage"":{""produced"":0,""last_seen"":null,""recognized"":0},""created_at"":""2026-09-16T14:40:44Z"",""removed_at"":null,""example_translation"":null}]","ещё: recognized 0, produced 0, last seen never",adverb,,Jeg har endnu ikke spist.,Я ещё не ел.,learning,0,true,,2026-09-03T12:21:28.15939+00:00,2026-09-21T14:25:17.975808+00:00,100,growing,2026-10-04T14:25:17.884+00:00,2,12.67288793,9.1354944,9,0,0,9,13,2026-09-21T14:25:17.884+00:00,9,2,1,6,0,6,1,2,2026-09-03T14:43:45.52+00:00,2026-09-21T14:25:17.884+00:00,0,0,0,0,0,0,0,,"[{""reviewed_at"":""2026-09-03T14:43:45.52+00:00"",""study_date"":""2026-09-03"",""rating"":1,""answer_result"":""incorrect"",""answer_text"":null,""previous_state"":0,""stability_days"":0.212,""difficulty"":6.4133,""scheduled_days"":0},{""reviewed_at"":""2026-09-03T14:44:47.132+00:00"",""study_date"":""2026-09-03"",""rating"":3,""answer_result"":""mostly"",""answer_text"":""еще"",""previous_state"":1,""stability_days"":0.24668919,""difficulty"":6.40211507,""scheduled_days"":0},{""reviewed_at"":""2026-09-03T20:34:00.159+00:00"",""study_date"":""2026-09-03"",""rating"":1,""answer_result"":""incorrect"",""answer_text"":""еще не"",""previous_state"":1,""stability_days"":0.09603384,""difficulty"":8.80262806,""scheduled_days"":0},{""reviewed_at"":""2026-09-03T20:34:32.788+00:00"",""study_date"":""2026-09-03"",""rating"":3,""answer_result"":""correct"",""answer_text"":""endnu"",""previous_state"":1,""stability_days"":0.11772479,""difficulty"":8.7890538,""scheduled_days"":0},{""reviewed_at"":""2026-09-04T11:01:09.457+00:00"",""study_date"":""2026-09-04"",""rating"":3,""answer_result"":""correct"",""answer_text"":""endnu"",""previous_state"":1,""stability_days"":0.74854004,""difficulty"":8.77549312,""scheduled_days"":1},{""reviewed_at"":""2026-09-05T11:57:55.616+00:00"",""study_date"":""2026-09-05"",""rating"":3,""answer_result"":""correct"",""answer_text"":""ещё"",""previous_state"":2,""stability_days"":1.89839015,""difficulty"":8.761946,""scheduled_days"":2},{""reviewed_at"":""2026-09-07T14:38:58.379+00:00"",""study_date"":""2026-09-07"",""rating"":2,""answer_result"":""correct"",""answer_text"":""stadig"",""previous_state"":2,""stability_days"":3.18227399,""difficulty"":9.16335043,""scheduled_days"":4},{""reviewed_at"":""2026-09-12T10:33:17.698+00:00"",""study_date"":""2026-09-12"",""rating"":3,""answer_result"":""correct"",""answer_text"":""еще"",""previous_state"":2,""stability_days"":6.70720664,""difficulty"":9.14941545,""scheduled_days"":9},{""reviewed_at"":""2026-09-21T14:25:17.884+00:00"",""study_date"":""2026-09-21"",""rating"":3,""answer_result"":""correct"",""answer_text"":""endnu"",""previous_state"":2,""stability_days"":12.67288793,""difficulty"":9.1354944,""scheduled_days"":13}]",[]
ordly-material-v1,2026-09-22T08:53:56.717Z,word,dc1824e0-c840-4f3f-8328-d4c5ca5b9a18,word,med,мэ,words/med-8968e99e.mp3,с,с [preposition; ai],"[{""id"":""9b84b268-dadc-55a9-8279-14f02fed9c7b"",""pos"":""preposition"",""note"":null,""text"":""с"",""gender"":null,""locked"":false,""source"":""ai"",""example"":null,""coverage"":{""produced"":0,""last_seen"":""2026-09-21T14:30:22.414Z"",""recognized"":1},""created_at"":""2026-09-21T13:35:51.904Z"",""removed_at"":null,""example_translation"":null},{""id"":""134659d4-dcc7-59e7-bb5c-26578830b053"",""pos"":""adverb"",""note"":null,""text"":""тоже, с собой"",""gender"":null,""locked"":true,""source"":""ai"",""example"":""Må jeg komme med?"",""coverage"":{""produced"":0,""last_seen"":null,""recognized"":0},""created_at"":""2026-09-21T13:35:51.904Z"",""removed_at"":null,""example_translation"":""Могу я пойти с вами?""}]","с: recognized 1, produced 0, last seen 2026-09-21T14:30:22.414Z",preposition,,Jeg går med min ven.,Я иду со своим другом.,learning,0,false,med,2026-09-21T13:35:53.062873+00:00,2026-09-21T14:30:22.414294+00:00,100,growing,2026-10-01T14:30:22.306+00:00,2,8.2956,1,1,0,0,0,10,2026-09-21T14:30:22.306+00:00,1,0,0,0,1,1,0,0,2026-09-21T14:30:22.306+00:00,2026-09-21T14:30:22.306+00:00,0,0,0,0,0,0,0,,"[{""reviewed_at"":""2026-09-21T14:30:22.306+00:00"",""study_date"":""2026-09-21"",""rating"":4,""answer_result"":""correct"",""answer_text"":""с"",""previous_state"":0,""stability_days"":8.2956,""difficulty"":1,""scheduled_days"":10}]",[]
ordly-material-v1,2026-09-22T08:53:56.717Z,phrase,db4dc8ae-b9c0-4ce5-b1cb-251550bafba5,word,rede seng,рэ́э сэн,,заправить кровать,заправить кровать [verb; ai],"[{""id"":""7533b6d8-0c69-4ef2-9562-29ff9c5d1342"",""pos"":""verb"",""note"":null,""text"":""заправить кровать"",""gender"":null,""source"":""ai"",""example"":null,""coverage"":{""produced"":0,""last_seen"":""2026-09-21T16:13:47.185Z"",""recognized"":1},""created_at"":""2026-09-16T14:40:44Z"",""removed_at"":null,""example_translation"":null}]","заправить кровать: recognized 1, produced 0, last seen 2026-09-21T16:13:47.185Z",verb,,Jeg vil gerne sove i min rede seng.,Я хочу спать в своей застеленной постели.,learning,0,true,,2026-09-15T16:46:49.486952+00:00,2026-09-21T16:13:47.214975+00:00,100,building,2026-09-24T16:13:47.068+00:00,2,2.99390888,6.39094132,3,0,0,0,3,2026-09-21T16:13:47.068+00:00,3,1,0,2,0,1,1,1,2026-09-17T20:59:28.951+00:00,2026-09-21T16:13:47.068+00:00,0,0,0,0,0,0,0,,"[{""reviewed_at"":""2026-09-17T20:59:28.951+00:00"",""study_date"":""2026-09-17"",""rating"":1,""answer_result"":""incorrect"",""answer_text"":null,""previous_state"":0,""stability_days"":0.212,""difficulty"":6.4133,""scheduled_days"":0},{""reviewed_at"":""2026-09-21T13:49:59.362+00:00"",""study_date"":""2026-09-21"",""rating"":3,""answer_result"":""mostly"",""answer_text"":""заправлять кровать"",""previous_state"":1,""stability_days"":2.99390888,""difficulty"":6.40211507,""scheduled_days"":0},{""reviewed_at"":""2026-09-21T16:13:47.068+00:00"",""study_date"":""2026-09-21"",""rating"":3,""answer_result"":""correct"",""answer_text"":""заправить кровать"",""previous_state"":1,""stability_days"":2.99390888,""difficulty"":6.39094132,""scheduled_days"":3}]",[]
ordly-material-v1,2026-09-22T08:53:56.717Z,word,fc456d8c-f124-4a8a-9721-6011fc43c8a6,word,slappe,сла́бэ,words/slappe-803261d8.mp3,расслабляться,расслабляться [verb; ai],"[{""id"":""f5463248-8c6e-4dac-9202-7a9402ba8d3f"",""pos"":""verb"",""note"":null,""text"":""расслабляться"",""gender"":null,""source"":""ai"",""example"":null,""coverage"":{""produced"":0,""last_seen"":null,""recognized"":0},""created_at"":""2026-09-16T14:40:44Z"",""removed_at"":null,""example_translation"":null}]","расслабляться: recognized 0, produced 0, last seen never",verb,,Jeg slapper af i parken.,Я отдыхаю в парке.,learning,0,true,,2026-09-03T20:35:41.582622+00:00,2026-09-21T14:16:45.964514+00:00,100,strong,2026-11-14T14:14:44.817+00:00,2,57.00240781,2.09745544,4,0,0,14,54,2026-09-21T14:14:44.817+00:00,4,0,0,4,0,3,1,0,2026-09-04T11:00:34.868+00:00,2026-09-21T14:14:44.817+00:00,0,0,0,0,0,0,0,,"[{""reviewed_at"":""2026-09-04T11:00:34.868+00:00"",""study_date"":""2026-09-04"",""rating"":3,""answer_result"":""mostly"",""answer_text"":""отдыхать"",""previous_state"":0,""stability_days"":2.3065,""difficulty"":2.11810397,""scheduled_days"":0},{""reviewed_at"":""2026-09-04T12:20:17.709+00:00"",""study_date"":""2026-09-04"",""rating"":3,""answer_result"":""correct"",""answer_text"":""Отдыхать"",""previous_state"":1,""stability_days"":2.3065,""difficulty"":2.11121424,""scheduled_days"":2},{""reviewed_at"":""2026-09-07T14:38:05.034+00:00"",""study_date"":""2026-09-07"",""rating"":3,""answer_result"":""correct"",""answer_text"":""отдыхать"",""previous_state"":2,""stability_days"":13.8358397,""difficulty"":2.1043314,""scheduled_days"":13},{""reviewed_at"":""2026-09-21T14:14:44.817+00:00"",""study_date"":""2026-09-21"",""rating"":3,""answer_result"":""correct"",""answer_text"":""slappe"",""previous_state"":2,""stability_days"":57.00240781,""difficulty"":2.09745544,""scheduled_days"":54}]",[]
ordly-material-v1,2026-09-22T08:53:56.717Z,word,a7543094-55fd-4a0d-80b6-0827059fe90c,word,badetøj,бэ́дэой,words/badetoej-e1f3f6a7.mp3,купальник,"купальник [noun, et; ai]","[{""id"":""f1036359-01c7-47e7-baec-63b2cc8a4e0b"",""pos"":""noun"",""note"":null,""text"":""купальник"",""gender"":""et"",""source"":""ai"",""example"":null,""coverage"":{""produced"":0,""last_seen"":null,""recognized"":0},""created_at"":""2026-09-16T14:40:44Z"",""removed_at"":null,""example_translation"":null}]","купальник: recognized 0, produced 0, last seen never",noun,et,Jeg har købt nyt badetøj til sommer.,Я купил новый купальник на лето.,learning,0,true,,2026-09-07T16:24:11.006299+00:00,2026-09-21T14:16:45.964514+00:00,90,growing,2026-09-23T10:01:44.746+00:00,2,10.96433194,2.11121424,2,0,0,2,13,2026-09-10T10:01:44.746+00:00,2,0,0,2,0,2,0,0,2026-09-08T13:52:20.049+00:00,2026-09-10T10:01:44.746+00:00,0,0,0,0,0,0,0,,"[{""reviewed_at"":""2026-09-08T13:52:20.049+00:00"",""study_date"":""2026-09-08"",""rating"":3,""answer_result"":""correct"",""answer_text"":""купальник"",""previous_state"":0,""stability_days"":2.3065,""difficulty"":2.11810397,""scheduled_days"":0},{""reviewed_at"":""2026-09-10T10:01:44.746+00:00"",""study_date"":""2026-09-10"",""rating"":3,""answer_result"":""correct"",""answer_text"":""купальник"",""previous_state"":1,""stability_days"":10.96433194,""difficulty"":2.11121424,""scheduled_days"":13}]",[]
ordly-material-v1,2026-09-22T08:53:56.717Z,word,991f5da1-a196-4905-86c2-d4361709902e,word,derhen,дэ́хен,,туда,туда [adverb; ai],"[{""id"":""98602737-6ae3-4f2f-b0b9-4afb5c286285"",""pos"":""adverb"",""note"":null,""text"":""туда"",""gender"":null,""source"":""ai"",""example"":null,""coverage"":{""produced"":0,""last_seen"":null,""recognized"":0},""created_at"":""2026-09-16T14:40:44Z"",""removed_at"":null,""example_translation"":null}]","туда: recognized 0, produced 0, last seen never",adverb,,Vi går derhen hver dag.,Мы идём туда каждый день.,learning,0,true,,2026-09-07T16:52:05.307375+00:00,2026-09-21T14:14:21.776558+00:00,100,growing,2026-10-04T14:14:21.698+00:00,2,14.70033822,7.57700604,5,0,0,6,13,2026-09-21T14:14:21.698+00:00,5,1,1,3,0,3,0,2,2026-09-09T14:56:23.785+00:00,2026-09-21T14:14:21.698+00:00,1,1,0,0,0,1,0,2026-09-12T10:19:32.021Z,"[{""reviewed_at"":""2026-09-09T14:56:23.785+00:00"",""study_date"":""2026-09-09"",""rating"":1,""answer_result"":""incorrect"",""answer_text"":""там"",""previous_state"":0,""stability_days"":0.212,""difficulty"":6.4133,""scheduled_days"":0},{""reviewed_at"":""2026-09-12T10:19:32.021+00:00"",""study_date"":""2026-09-12"",""rating"":3,""answer_result"":""correct"",""answer_text"":null,""previous_state"":1,""stability_days"":2.76096548,""difficulty"":6.40211507,""scheduled_days"":0},{""reviewed_at"":""2026-09-12T23:53:55.934+00:00"",""study_date"":""2026-09-13"",""rating"":3,""answer_result"":""correct"",""answer_text"":""туда"",""previous_state"":1,""stability_days"":2.76096548,""difficulty"":6.39094132,""scheduled_days"":2},{""reviewed_at"":""2026-09-15T14:04:35.14+00:00"",""study_date"":""2026-09-15"",""rating"":2,""answer_result"":""incorrect"",""answer_text"":""derher"",""previous_state"":2,""stability_days"":6.45311002,""difficulty"":7.58936704,""scheduled_days"":5},{""reviewed_at"":""2026-09-21T14:14:21.698+00:00"",""study_date"":""2026-09-21"",""rating"":3,""answer_result"":""correct"",""answer_text"":""derhen"",""previous_state"":2,""stability_days"":14.70033822,""difficulty"":7.57700604,""scheduled_days"":13}]","[{""at"":""2026-09-12T10:19:32.021Z"",""kind"":""recall"",""objective"":""meaning"",""result"":""correct"",""rating"":3,""assistance"":""none"",""modality"":""typed"",""response_ms"":4272,""replays"":0}]"
ordly-material-v1,2026-09-22T08:53:56.717Z,word,a7c169aa-d89c-4256-a260-1183bc798834,word,lige,ли́э,words/lige-b4a41d53.mp3,"ровный, прямо, только что",ровный [adjective; ai] | прямо [adverb; ai] | только что [adverb; ai],"[{""id"":""ab214d68-d934-4640-8d73-88f40f0c6bd0"",""pos"":""adjective"",""note"":null,""text"":""ровный"",""gender"":null,""source"":""ai"",""example"":null,""coverage"":{""produced"":0,""last_seen"":null,""recognized"":0},""created_at"":""2026-09-17T14:10:32.374Z"",""removed_at"":null,""example_translation"":null},{""id"":""ff79baa7-f4eb-49d7-9f60-744315dab888"",""pos"":""adverb"",""note"":null,""text"":""прямо"",""gender"":null,""source"":""ai"",""example"":null,""coverage"":{""produced"":0,""last_seen"":null,""recognized"":0},""created_at"":""2026-09-17T14:10:32.374Z"",""removed_at"":null,""example_translation"":null},{""id"":""6ed16943-227a-4988-96da-f1b6220914b8"",""pos"":""adverb"",""note"":null,""text"":""только что"",""gender"":null,""source"":""ai"",""example"":null,""coverage"":{""produced"":0,""last_seen"":null,""recognized"":0},""created_at"":""2026-09-17T14:10:32.374Z"",""removed_at"":null,""example_translation"":null}]","ровный: recognized 0, produced 0, last seen never | прямо: recognized 0, produced 0, last seen never | только что: recognized 0, produced 0, last seen never",adjective | adverb,,Jeg er lige her.,Я прямо здесь.,learning,0,true,,2026-09-17T14:11:12.185053+00:00,2026-09-21T16:39:22.09835+00:00,100,fragile,2026-09-21T16:45:21.975+00:00,1,0.10314065,9.18378399,4,0,1,0,0,2026-09-21T16:39:21.975+00:00,4,2,1,1,0,2,0,2,2026-09-21T13:49:17.984+00:00,2026-09-21T16:39:21.975+00:00,0,0,0,0,0,0,0,,"[{""reviewed_at"":""2026-09-21T13:49:17.984+00:00"",""study_date"":""2026-09-21"",""rating"":1,""answer_result"":""incorrect"",""answer_text"":""нравится"",""previous_state"":0,""stability_days"":0.212,""difficulty"":6.4133,""scheduled_days"":0},{""reviewed_at"":""2026-09-21T14:34:22.223+00:00"",""study_date"":""2026-09-21"",""rating"":1,""answer_result"":""incorrect"",""answer_text"":null,""previous_state"":1,""stability_days"":0.08335672,""difficulty"":8.80630447,""scheduled_days"":0},{""reviewed_at"":""2026-09-21T14:35:04.462+00:00"",""study_date"":""2026-09-21"",""rating"":3,""answer_result"":""correct"",""answer_text"":""ровный, только что"",""previous_state"":1,""stability_days"":0.10314065,""difficulty"":8.79272653,""scheduled_days"":0},{""reviewed_at"":""2026-09-21T16:39:21.975+00:00"",""study_date"":""2026-09-21"",""rating"":2,""answer_result"":""correct"",""answer_text"":""прямо, ровно, точно"",""previous_state"":1,""stability_days"":0.10314065,""difficulty"":9.18378399,""scheduled_days"":0}]",[]
ordly-material-v1,2026-09-22T08:53:56.717Z,word,fc11eeec-ba4a-4c1f-9391-b79052d5f79d,word,besøge,бесюе,words/besoege-1335a97c.mp3,"посещать, навещать",посещать [verb; ai] | навещать [verb; ai],"[{""id"":""2ad12b35-d063-4072-9571-1c373f0240fd"",""pos"":""verb"",""note"":null,""text"":""посещать"",""gender"":null,""source"":""ai"",""example"":null,""coverage"":{""produced"":0,""last_seen"":""2026-09-21T16:39:50.801Z"",""recognized"":1},""created_at"":""2026-09-16T14:40:44Z"",""removed_at"":null,""example_translation"":null},{""id"":""1c62fd7f-9fd7-4f56-bab9-a092b0f298bd"",""pos"":""verb"",""note"":null,""text"":""навещать"",""gender"":null,""source"":""ai"",""example"":null,""coverage"":{""produced"":0,""last_seen"":null,""recognized"":0},""created_at"":""2026-09-16T14:40:44Z"",""removed_at"":null,""example_translation"":null}]","посещать: recognized 1, produced 0, last seen 2026-09-21T16:39:50.801Z | навещать: recognized 0, produced 0, last seen never",verb,,Jeg vil besøge min bedstemor i weekenden.,Я хочу навестить свою бабушку в выходные.,learning,0,true,,2026-09-15T16:06:33.896026+00:00,2026-09-21T16:39:50.80187+00:00,100,fragile,2026-09-21T16:49:50.723+00:00,1,0.02748184,9.91687719,7,0,1,0,0,2026-09-21T16:39:50.723+00:00,7,5,0,2,0,2,0,5,2026-09-16T17:52:00.959+00:00,2026-09-21T16:39:50.723+00:00,0,0,0,0,0,0,0,,"[{""reviewed_at"":""2026-09-16T17:52:00.959+00:00"",""study_date"":""2026-09-16"",""rating"":1,""answer_result"":""incorrect"",""answer_text"":null,""previous_state"":0,""stability_days"":0.212,""difficulty"":6.4133,""scheduled_days"":0},{""reviewed_at"":""2026-09-16T17:53:04.378+00:00"",""study_date"":""2026-09-16"",""rating"":1,""answer_result"":""incorrect"",""answer_text"":""приглашать"",""previous_state"":1,""stability_days"":0.08335672,""difficulty"":8.80630447,""scheduled_days"":0},{""reviewed_at"":""2026-09-17T21:08:42.96+00:00"",""study_date"":""2026-09-17"",""rating"":1,""answer_result"":""incorrect"",""answer_text"":null,""previous_state"":1,""stability_days"":0.04715711,""difficulty"":9.59286876,""scheduled_days"":0},{""reviewed_at"":""2026-09-21T13:50:56.619+00:00"",""study_date"":""2026-09-21"",""rating"":1,""answer_result"":""incorrect"",""answer_text"":""brugsome"",""previous_state"":1,""stability_days"":0.03559451,""difficulty"":9.85140709,""scheduled_days"":0},{""reviewed_at"":""2026-09-21T14:35:24.854+00:00"",""study_date"":""2026-09-21"",""rating"":3,""answer_result"":""correct"",""answer_text"":""besøge"",""previous_state"":1,""stability_days"":0.04657889,""difficulty"":9.83678405,""scheduled_days"":0},{""reviewed_at"":""2026-09-21T16:39:38.22+00:00"",""study_date"":""2026-09-21"",""rating"":1,""answer_result"":""incorrect"",""answer_text"":""приглашать"",""previous_state"":1,""stability_days"":0.02023485,""difficulty"":9.9315804,""scheduled_days"":0},{""reviewed_at"":""2026-09-21T16:39:50.723+00:00"",""study_date"":""2026-09-21"",""rating"":3,""answer_result"":""correct"",""answer_text"":""посещать"",""previous_state"":1,""stability_days"":0.02748184,""difficulty"":9.91687719,""scheduled_days"":0}]",[]
ordly-material-v1,2026-09-22T08:53:56.717Z,word,e0e1623e-a9ba-42c4-9d15-eb0d23c68bbe,word,uge,,words/uge-e3b70b21.mp3,неделя,"неделя [noun, en; ai]","[{""id"":""de843771-080e-44a9-8b6f-9d9a6629c417"",""pos"":""noun"",""note"":null,""text"":""неделя"",""gender"":""en"",""source"":""ai"",""example"":null,""coverage"":{""produced"":0,""last_seen"":""2026-09-17T21:13:08.283Z"",""recognized"":2},""created_at"":""2026-09-16T14:40:44Z"",""removed_at"":null,""example_translation"":null}]","неделя: recognized 2, produced 0, last seen 2026-09-17T21:13:08.283Z",noun,en,Hvordan går det i ugen?,Как дела на неделе?,learning,0,true,,2026-09-15T15:48:54.213907+00:00,2026-09-21T14:15:47.403676+00:00,94,growing,2026-09-24T21:13:08.167+00:00,2,7.31530068,2.11121424,2,0,0,1,7,2026-09-17T21:13:08.167+00:00,2,0,0,2,0,2,0,0,2026-09-16T17:51:40.428+00:00,2026-09-17T21:13:08.167+00:00,0,0,0,0,0,0,0,,"[{""reviewed_at"":""2026-09-16T17:51:40.428+00:00"",""study_date"":""2026-09-16"",""rating"":3,""answer_result"":""correct"",""answer_text"":""неделя"",""previous_state"":0,""stability_days"":2.3065,""difficulty"":2.11810397,""scheduled_days"":0},{""reviewed_at"":""2026-09-17T21:13:08.167+00:00"",""study_date"":""2026-09-17"",""rating"":3,""answer_result"":""correct"",""answer_text"":""неделя"",""previous_state"":1,""stability_days"":7.31530068,""difficulty"":2.11121424,""scheduled_days"":7}]",[]
ordly-material-v1,2026-09-22T08:53:56.717Z,word,7b13622a-7b22-43e2-b6b2-02e9c0197809,word,stadig,сдэ́эди,words/stadig-c4cb977f.mp3,всё ещё,всё ещё [adverb; ai],"[{""id"":""95b7772e-06bc-4dee-acec-3f026c57fbb6"",""pos"":""adverb"",""note"":null,""text"":""всё ещё"",""gender"":null,""source"":""ai"",""example"":null,""coverage"":{""produced"":0,""last_seen"":""2026-09-21T14:13:21.922Z"",""recognized"":2},""created_at"":""2026-09-16T14:40:44Z"",""removed_at"":null,""example_translation"":null}]","всё ещё: recognized 2, produced 0, last seen 2026-09-21T14:13:21.922Z",adverb,,Jeg lærer stadig dansk,Я все еще учу датский,learning,0,true,,2026-09-03T09:45:31.280625+00:00,2026-09-21T14:15:47.403676+00:00,100,building,2026-09-24T14:13:21.833+00:00,2,3.34772414,9.88537601,12,2,0,4,3,2026-09-21T14:13:21.833+00:00,12,4,2,6,0,7,2,3,2026-09-03T10:26:25.468+00:00,2026-09-21T14:13:21.833+00:00,1,1,0,0,0,1,0,2026-09-15T13:56:28.432Z,"[{""reviewed_at"":""2026-09-03T10:26:25.468+00:00"",""study_date"":""2026-09-03"",""rating"":3,""answer_result"":""correct"",""answer_text"":""все еще"",""previous_state"":0,""stability_days"":2.3065,""difficulty"":2.11810397,""scheduled_days"":0},{""reviewed_at"":""2026-09-03T12:07:43.376+00:00"",""study_date"":""2026-09-03"",""rating"":3,""answer_result"":""correct"",""answer_text"":""все еще"",""previous_state"":1,""stability_days"":2.3065,""difficulty"":2.11121424,""scheduled_days"":2},{""reviewed_at"":""2026-09-06T09:16:26.551+00:00"",""study_date"":""2026-09-06"",""rating"":1,""answer_result"":""correct"",""answer_text"":""все еще"",""previous_state"":2,""stability_days"":0.63697811,""difficulty"":7.39223814,""scheduled_days"":0},{""reviewed_at"":""2026-09-06T09:18:17.087+00:00"",""study_date"":""2026-09-06"",""rating"":3,""answer_result"":""correct"",""answer_text"":""stadig"",""previous_state"":3,""stability_days"":0.68944602,""difficulty"":7.38007427,""scheduled_days"":1},{""reviewed_at"":""2026-09-07T14:38:32.118+00:00"",""study_date"":""2026-09-07"",""rating"":1,""answer_result"":""incorrect"",""answer_text"":""enge"",""previous_state"":2,""stability_days"":0.23933079,""difficulty"":9.12407659,""scheduled_days"":0},{""reviewed_at"":""2026-09-07T14:39:28.135+00:00"",""study_date"":""2026-09-07"",""rating"":2,""answer_result"":""mostly"",""answer_text"":""все ещё"",""previous_state"":3,""stability_days"":0.23933079,""difficulty"":9.40374959,""scheduled_days"":0},{""reviewed_at"":""2026-09-08T13:51:21.531+00:00"",""study_date"":""2026-09-08"",""rating"":1,""answer_result"":""incorrect"",""answer_text"":""endu"",""previous_state"":3,""stability_days"":0.1081838,""difficulty"":9.78924492,""scheduled_days"":0},{""reviewed_at"":""2026-09-10T10:01:02.533+00:00"",""study_date"":""2026-09-10"",""rating"":1,""answer_result"":""incorrect"",""answer_text"":""почти"",""previous_state"":3,""stability_days"":0.0644887,""difficulty"":9.91595461,""scheduled_days"":0},{""reviewed_at"":""2026-09-12T10:29:54.94+00:00"",""study_date"":""2026-09-12"",""rating"":2,""answer_result"":""correct"",""answer_text"":""endnu"",""previous_state"":3,""stability_days"":0.23215412,""difficulty"":9.92943512,""scheduled_days"":0},{""reviewed_at"":""2026-09-15T13:56:28.432+00:00"",""study_date"":""2026-09-15"",""rating"":3,""answer_result"":""correct"",""answer_text"":null,""previous_state"":3,""stability_days"":0.85534145,""difficulty"":9.91473405,""scheduled_days"":1},{""reviewed_at"":""2026-09-17T21:03:49.392+00:00"",""study_date"":""2026-09-17"",""rating"":3,""answer_result"":""mostly"",""answer_text"":""все ещё"",""previous_state"":2,""stability_days"":1.74093991,""difficulty"":9.90004769,""scheduled_days"":2},{""reviewed_at"":""2026-09-21T14:13:21.833+00:00"",""study_date"":""2026-09-21"",""rating"":3,""answer_result"":""correct"",""answer_text"":""все еще"",""previous_state"":2,""stability_days"":3.34772414,""difficulty"":9.88537601,""scheduled_days"":3}]","[{""at"":""2026-09-15T13:56:28.432Z"",""kind"":""recall"",""objective"":""meaning"",""result"":""correct"",""rating"":3,""assistance"":""none"",""modality"":""typed"",""response_ms"":4792,""replays"":0}]"
ordly-material-v1,2026-09-22T08:53:56.717Z,word,22204cd3-00ca-4f5f-9a7b-ae674a5c1c40,word,nogle,но́лэ,,"некоторые, несколько",некоторые [pronoun; ai] | несколько [pronoun; ai],"[{""id"":""7598c9d1-3197-48a1-99fd-79a4650a4dcd"",""pos"":""pronoun"",""note"":null,""text"":""некоторые"",""gender"":null,""source"":""ai"",""example"":null,""coverage"":{""produced"":0,""last_seen"":null,""recognized"":0},""created_at"":""2026-09-16T14:40:44Z"",""removed_at"":null,""example_translation"":null},{""id"":""8a9448a2-190b-4fb5-8450-36f24e643815"",""pos"":""pronoun"",""note"":null,""text"":""несколько"",""gender"":null,""source"":""ai"",""example"":null,""coverage"":{""produced"":0,""last_seen"":null,""recognized"":0},""created_at"":""2026-09-16T14:40:44Z"",""removed_at"":null,""example_translation"":null}]","некоторые: recognized 0, produced 0, last seen never | несколько: recognized 0, produced 0, last seen never",pronoun,,Jeg har nogle venner i byen.,У меня есть несколько друзей в городе.,learning,0,true,,2026-09-03T12:21:28.15939+00:00,2026-09-16T15:02:36.198516+00:00,90,growing,2026-09-23T08:06:37.83+00:00,2,11.48999997,6.36862734,5,0,0,5,13,2026-09-10T08:06:37.83+00:00,5,1,0,4,0,2,2,1,2026-09-03T14:43:21.929+00:00,2026-09-10T08:06:37.83+00:00,0,0,0,0,0,0,0,,"[{""reviewed_at"":""2026-09-03T14:43:21.929+00:00"",""study_date"":""2026-09-03"",""rating"":1,""answer_result"":""incorrect"",""answer_text"":null,""previous_state"":0,""stability_days"":0.212,""difficulty"":6.4133,""scheduled_days"":0},{""reviewed_at"":""2026-09-03T14:44:40.541+00:00"",""study_date"":""2026-09-03"",""rating"":3,""answer_result"":""mostly"",""answer_text"":""несколько, некоторый"",""previous_state"":1,""stability_days"":0.24668919,""difficulty"":6.40211507,""scheduled_days"":0},{""reviewed_at"":""2026-09-03T20:33:49.49+00:00"",""study_date"":""2026-09-03"",""rating"":3,""answer_result"":""mostly"",""answer_text"":""некоторый"",""previous_state"":1,""stability_days"":0.28420636,""difficulty"":6.39094132,""scheduled_days"":1},{""reviewed_at"":""2026-09-05T11:37:03.586+00:00"",""study_date"":""2026-09-05"",""rating"":3,""answer_result"":""correct"",""answer_text"":""nogle"",""previous_state"":2,""stability_days"":2.83275337,""difficulty"":6.37977875,""scheduled_days"":3},{""reviewed_at"":""2026-09-10T08:06:37.83+00:00"",""study_date"":""2026-09-10"",""rating"":3,""answer_result"":""correct"",""answer_text"":""nogle"",""previous_state"":2,""stability_days"":11.48999997,""difficulty"":6.36862734,""scheduled_days"":13}]",[]
ordly-material-v1,2026-09-22T08:53:56.717Z,word,f03d588e-1c38-4af2-b5da-53ce2f7bf3c1,word,fra,фра,words/fra-295be004.mp3,"из, от","из, от [preposition; ai]","[{""id"":""716e0255-f1f6-5e58-9f97-e372811f8f36"",""pos"":""preposition"",""note"":null,""text"":""из, от"",""gender"":null,""locked"":false,""source"":""ai"",""example"":null,""coverage"":{""produced"":0,""last_seen"":null,""recognized"":0},""created_at"":""2026-09-21T13:36:49.744Z"",""removed_at"":null,""example_translation"":null}]","из, от: recognized 0, produced 0, last seen never",preposition,,Hun kommer fra Sverige.,Она из Швеции.,learning,0,false,fra,2026-09-21T13:36:50.692923+00:00,2026-09-21T16:31:34.001855+00:00,100,building,2026-09-23T16:31:33.938+00:00,2,2.3065,2.11121424,2,0,0,0,2,2026-09-21T16:31:33.938+00:00,2,0,0,2,0,2,0,0,2026-09-21T14:31:31.354+00:00,2026-09-21T16:31:33.938+00:00,0,0,0,0,0,0,0,,"[{""reviewed_at"":""2026-09-21T14:31:31.354+00:00"",""study_date"":""2026-09-21"",""rating"":3,""answer_result"":""correct"",""answer_text"":""от"",""previous_state"":0,""stability_days"":2.3065,""difficulty"":2.11810397,""scheduled_days"":0},{""reviewed_at"":""2026-09-21T16:31:33.938+00:00"",""study_date"":""2026-09-21"",""rating"":3,""answer_result"":""correct"",""answer_text"":""от"",""previous_state"":1,""stability_days"":2.3065,""difficulty"":2.11121424,""scheduled_days"":2}]",[]
ordly-material-v1,2026-09-22T08:53:56.717Z,word,7567c179-cb44-46e0-af98-c2e78e871120,word,de,ди,words/de-600ccd1b.mp3,они,они [pronoun; ai],"[{""id"":""e83a2cbc-5803-5161-93a2-213405b8a09c"",""pos"":""pronoun"",""note"":null,""text"":""они"",""gender"":null,""locked"":false,""source"":""ai"",""example"":null,""coverage"":{""produced"":0,""last_seen"":""2026-09-21T16:38:05.743Z"",""recognized"":2},""created_at"":""2026-09-21T13:36:55.569Z"",""removed_at"":null,""example_translation"":null}]","они: recognized 2, produced 0, last seen 2026-09-21T16:38:05.743Z",pronoun,,De bor i et hus.,Они живут в доме.,learning,0,false,de,2026-09-21T13:36:56.43889+00:00,2026-09-21T16:38:05.764174+00:00,100,building,2026-09-23T16:38:05.673+00:00,2,2.3065,2.11121424,2,0,0,0,2,2026-09-21T16:38:05.673+00:00,2,0,0,2,0,2,0,0,2026-09-21T14:31:35.59+00:00,2026-09-21T16:38:05.673+00:00,0,0,0,0,0,0,0,,"[{""reviewed_at"":""2026-09-21T14:31:35.59+00:00"",""study_date"":""2026-09-21"",""rating"":3,""answer_result"":""correct"",""answer_text"":""они"",""previous_state"":0,""stability_days"":2.3065,""difficulty"":2.11810397,""scheduled_days"":0},{""reviewed_at"":""2026-09-21T16:38:05.673+00:00"",""study_date"":""2026-09-21"",""rating"":3,""answer_result"":""correct"",""answer_text"":""они"",""previous_state"":1,""stability_days"":2.3065,""difficulty"":2.11121424,""scheduled_days"":2}]",[]
ordly-material-v1,2026-09-22T08:53:56.717Z,word,fbd96980-d669-47bb-b9f8-128ce1db8a43,word,slå,,words/slaa-a3a2124b.mp3,"ударить, бить",ударить [verb; ai] | бить [verb; ai],"[{""id"":""1acd6e1f-2602-48e0-992c-6d9ee75d8de9"",""pos"":""verb"",""note"":null,""text"":""ударить"",""gender"":null,""source"":""ai"",""example"":null,""coverage"":{""produced"":0,""last_seen"":""2026-09-18T06:55:35.906Z"",""recognized"":1},""created_at"":""2026-09-16T14:40:44Z"",""removed_at"":null,""example_translation"":null},{""id"":""39815d8b-f4a5-4175-9ca6-55f8a9b7c9e4"",""pos"":""verb"",""note"":null,""text"":""бить"",""gender"":null,""source"":""ai"",""example"":null,""coverage"":{""produced"":0,""last_seen"":null,""recognized"":0},""created_at"":""2026-09-16T14:40:44Z"",""removed_at"":null,""example_translation"":null}]","ударить: recognized 1, produced 0, last seen 2026-09-18T06:55:35.906Z | бить: recognized 0, produced 0, last seen never",verb,,Han slog bolden.,Он ударил мяч.,learning,0,true,,2026-09-15T16:26:03.904474+00:00,2026-09-21T16:56:39.47232+00:00,100,fragile,2026-09-21T16:57:39.394+00:00,1,0.04256062,9.84522011,6,0,0,0,0,2026-09-21T16:56:39.394+00:00,6,4,0,2,0,1,0,5,2026-09-16T18:51:55.932+00:00,2026-09-21T16:56:39.394+00:00,0,0,0,0,0,0,0,,"[{""reviewed_at"":""2026-09-16T18:51:55.932+00:00"",""study_date"":""2026-09-16"",""rating"":1,""answer_result"":""incorrect"",""answer_text"":null,""previous_state"":0,""stability_days"":0.212,""difficulty"":6.4133,""scheduled_days"":0},{""reviewed_at"":""2026-09-18T06:55:13.985+00:00"",""study_date"":""2026-09-18"",""rating"":1,""answer_result"":""incorrect"",""answer_text"":null,""previous_state"":1,""stability_days"":0.11279815,""difficulty"":8.80630447,""scheduled_days"":0},{""reviewed_at"":""2026-09-18T06:55:35.83+00:00"",""study_date"":""2026-09-18"",""rating"":3,""answer_result"":""correct"",""answer_text"":""ударил"",""previous_state"":1,""stability_days"":0.13681939,""difficulty"":8.79272653,""scheduled_days"":0},{""reviewed_at"":""2026-09-21T14:04:04.421+00:00"",""study_date"":""2026-09-21"",""rating"":1,""answer_result"":""incorrect"",""answer_text"":null,""previous_state"":1,""stability_days"":0.08344125,""difficulty"":9.58840579,""scheduled_days"":0},{""reviewed_at"":""2026-09-21T16:16:07.606+00:00"",""study_date"":""2026-09-21"",""rating"":3,""answer_result"":""incorrect"",""answer_text"":null,""previous_state"":1,""stability_days"":0.10323836,""difficulty"":9.57404575,""scheduled_days"":0},{""reviewed_at"":""2026-09-21T16:56:39.394+00:00"",""study_date"":""2026-09-21"",""rating"":1,""answer_result"":""incorrect"",""answer_text"":null,""previous_state"":1,""stability_days"":0.04256062,""difficulty"":9.84522011,""scheduled_days"":0}]",[]
ordly-material-v1,2026-09-22T08:53:56.717Z,word,70601f80-6a73-4959-aca4-7b710872f1c8,word,og,о,words/og-f8bf1076.mp3,и,и [conjunction; ai],"[{""id"":""a750d51a-56f1-580e-8f96-063ceb8becc6"",""pos"":""conjunction"",""note"":null,""text"":""и"",""gender"":null,""locked"":false,""source"":""ai"",""example"":null,""coverage"":{""produced"":0,""last_seen"":""2026-09-21T14:16:01.931Z"",""recognized"":1},""created_at"":""2026-09-21T07:06:26.165Z"",""removed_at"":null,""example_translation"":null}]","и: recognized 1, produced 0, last seen 2026-09-21T14:16:01.931Z",conjunction,,Jeg køber brød og mælk.,Я покупаю хлеб и молоко.,learning,0,false,og,2026-09-21T07:06:30.791995+00:00,2026-09-21T14:16:01.931147+00:00,100,growing,2026-09-30T14:16:01.851+00:00,2,8.2956,1,1,0,0,0,9,2026-09-21T14:16:01.851+00:00,1,0,0,0,1,1,0,0,2026-09-21T14:16:01.851+00:00,2026-09-21T14:16:01.851+00:00,0,0,0,0,0,0,0,,"[{""reviewed_at"":""2026-09-21T14:16:01.851+00:00"",""study_date"":""2026-09-21"",""rating"":4,""answer_result"":""correct"",""answer_text"":""и"",""previous_state"":0,""stability_days"":8.2956,""difficulty"":1,""scheduled_days"":9}]",[]
ordly-material-v1,2026-09-22T08:53:56.717Z,word,b3aabe96-6839-4450-baa5-dbb6b1d97705,word,eneste,э́нэстэ,words/eneste-57131f94.mp3,единственный,единственный [adjective; ai],"[{""id"":""0422982f-22de-490c-b4c8-245e83a66a37"",""pos"":""adjective"",""note"":null,""text"":""единственный"",""gender"":null,""source"":""ai"",""example"":null,""coverage"":{""produced"":0,""last_seen"":""2026-09-21T16:22:33.395Z"",""recognized"":2},""created_at"":""2026-09-16T14:40:44Z"",""removed_at"":null,""example_translation"":null}]","единственный: recognized 2, produced 0, last seen 2026-09-21T16:22:33.395Z",adjective,,Jeg har kun én eneste chance.,У меня есть только один единственный шанс.,learning,0,true,,2026-09-15T16:48:52.667866+00:00,2026-09-21T16:22:33.395881+00:00,100,fragile,2026-09-22T16:22:33.322+00:00,2,0.09160569,9.56415413,5,0,0,0,1,2026-09-21T16:22:33.322+00:00,5,3,0,2,0,2,0,3,2026-09-17T20:59:40.671+00:00,2026-09-21T16:22:33.322+00:00,0,0,0,0,0,0,0,,"[{""reviewed_at"":""2026-09-17T20:59:40.671+00:00"",""study_date"":""2026-09-17"",""rating"":1,""answer_result"":""incorrect"",""answer_text"":null,""previous_state"":0,""stability_days"":0.212,""difficulty"":6.4133,""scheduled_days"":0},{""reviewed_at"":""2026-09-17T21:14:13.271+00:00"",""study_date"":""2026-09-17"",""rating"":1,""answer_result"":""incorrect"",""answer_text"":null,""previous_state"":1,""stability_days"":0.08335672,""difficulty"":8.80630447,""scheduled_days"":0},{""reviewed_at"":""2026-09-21T13:59:22.814+00:00"",""study_date"":""2026-09-21"",""rating"":1,""answer_result"":""incorrect"",""answer_text"":null,""previous_state"":1,""stability_days"":0.05793195,""difficulty"":9.59286876,""scheduled_days"":0},{""reviewed_at"":""2026-09-21T14:12:12.599+00:00"",""study_date"":""2026-09-21"",""rating"":3,""answer_result"":""correct"",""answer_text"":""единственный"",""previous_state"":1,""stability_days"":0.07341846,""difficulty"":9.57850426,""scheduled_days"":0},{""reviewed_at"":""2026-09-21T16:22:33.322+00:00"",""study_date"":""2026-09-21"",""rating"":3,""answer_result"":""correct"",""answer_text"":""единственный"",""previous_state"":1,""stability_days"":0.09160569,""difficulty"":9.56415413,""scheduled_days"":1}]",[]
ordly-material-v1,2026-09-22T08:53:56.717Z,word,af5e1570-0a93-4fae-bed1-49d0b7af666d,word,uanset,у́ансед,words/uanset-2f79bc9b.mp3,независимо,независимо [adverb; ai],"[{""id"":""a04cfb96-5fed-41ef-a446-c79207899ff9"",""pos"":""adverb"",""note"":null,""text"":""независимо"",""gender"":null,""source"":""ai"",""example"":null,""coverage"":{""produced"":0,""last_seen"":null,""recognized"":0},""created_at"":""2026-09-16T14:40:44Z"",""removed_at"":null,""example_translation"":null}]","независимо: recognized 0, produced 0, last seen never",adverb,,Uanset vejret går vi en tur.,Независимо от погоды мы идём на прогулку.,learning,0,true,,2026-09-07T17:18:29.276247+00:00,2026-09-21T16:23:52.1829+00:00,100,fragile,2026-09-22T16:23:52.07+00:00,2,0.31603379,9.57609107,6,1,0,0,1,2026-09-21T16:23:52.07+00:00,6,3,0,3,0,2,0,3,2026-09-09T15:05:59.625+00:00,2026-09-21T16:23:52.07+00:00,1,0,0,0,1,1,0,2026-09-12T10:24:01.936Z,"[{""reviewed_at"":""2026-09-09T15:05:59.625+00:00"",""study_date"":""2026-09-09"",""rating"":1,""answer_result"":""incorrect"",""answer_text"":null,""previous_state"":0,""stability_days"":0.212,""difficulty"":6.4133,""scheduled_days"":0},{""reviewed_at"":""2026-09-12T10:24:01.936+00:00"",""study_date"":""2026-09-12"",""rating"":3,""answer_result"":null,""answer_text"":null,""previous_state"":1,""stability_days"":2.76096548,""difficulty"":6.40211507,""scheduled_days"":0},{""reviewed_at"":""2026-09-12T23:55:07.191+00:00"",""study_date"":""2026-09-13"",""rating"":3,""answer_result"":""correct"",""answer_text"":""несмотря на"",""previous_state"":1,""stability_days"":2.76096548,""difficulty"":6.39094132,""scheduled_days"":4},{""reviewed_at"":""2026-09-21T07:15:45.283+00:00"",""study_date"":""2026-09-21"",""rating"":1,""answer_result"":""incorrect"",""answer_text"":null,""previous_state"":2,""stability_days"":0.76481656,""difficulty"":8.79895532,""scheduled_days"":0},{""reviewed_at"":""2026-09-21T14:17:05.913+00:00"",""study_date"":""2026-09-21"",""rating"":1,""answer_result"":""incorrect"",""answer_text"":""Afhænge"",""previous_state"":3,""stability_days"":0.27637379,""difficulty"":9.59045315,""scheduled_days"":0},{""reviewed_at"":""2026-09-21T16:23:52.07+00:00"",""study_date"":""2026-09-21"",""rating"":3,""answer_result"":""correct"",""answer_text"":""в независимости от"",""previous_state"":3,""stability_days"":0.31603379,""difficulty"":9.57609107,""scheduled_days"":1}]","[{""at"":""2026-09-12T10:24:01.936Z"",""kind"":""recall"",""objective"":""meaning"",""result"":""ungraded"",""rating"":3,""assistance"":""none"",""modality"":""typed"",""response_ms"":16452,""replays"":0}]"
ordly-material-v1,2026-09-22T08:53:56.717Z,word,eb2d5f3a-60c0-4af0-b0c1-b0344e17112f,word,skulle,сгу́лэ,words/skulle-d0f087b7.mp3,"должен был, следовало","должен был, следовало [verb; ai]","[{""id"":""57c4736d-fc28-5a50-80a0-4fab80638de3"",""pos"":""verb"",""note"":null,""text"":""должен был, следовало"",""gender"":null,""locked"":false,""source"":""ai"",""example"":null,""coverage"":{""produced"":0,""last_seen"":null,""recognized"":0},""created_at"":""2026-09-21T13:37:01.122Z"",""removed_at"":null,""example_translation"":null},{""id"":""1a6f60ce-55b7-549e-9cf1-16a648a17811"",""pos"":""verb"",""note"":null,""text"":""собираться, иметь план (о будущем действии)"",""gender"":null,""locked"":true,""source"":""ai"",""example"":""Jeg skal besøge min mor i morgen."",""coverage"":{""produced"":0,""last_seen"":null,""recognized"":0},""created_at"":""2026-09-21T13:37:01.122Z"",""removed_at"":null,""example_translation"":""Я собираюсь навестить маму завтра.""}]","должен был, следовало: recognized 0, produced 0, last seen never",verb,,Du skulle læse bogen.,Тебе следовало прочитать книгу.,learning,0,false,skulle,2026-09-21T13:37:08.958822+00:00,2026-09-21T16:59:26.406535+00:00,100,fragile,2026-09-21T17:09:26.321+00:00,1,0.10314065,9.17883322,4,0,1,0,0,2026-09-21T16:59:26.321+00:00,4,2,1,1,0,1,1,2,2026-09-21T14:33:48.272+00:00,2026-09-21T16:59:26.321+00:00,0,0,0,0,0,0,0,,"[{""reviewed_at"":""2026-09-21T14:33:48.272+00:00"",""study_date"":""2026-09-21"",""rating"":1,""answer_result"":""incorrect"",""answer_text"":null,""previous_state"":0,""stability_days"":0.212,""difficulty"":6.4133,""scheduled_days"":0},{""reviewed_at"":""2026-09-21T16:29:50.703+00:00"",""study_date"":""2026-09-21"",""rating"":1,""answer_result"":""incorrect"",""answer_text"":null,""previous_state"":1,""stability_days"":0.08335672,""difficulty"":8.80630447,""scheduled_days"":0},{""reviewed_at"":""2026-09-21T16:37:41.525+00:00"",""study_date"":""2026-09-21"",""rating"":2,""answer_result"":""mostly"",""answer_text"":""должен, необходимо"",""previous_state"":1,""stability_days"":0.08335672,""difficulty"":9.19279765,""scheduled_days"":0},{""reviewed_at"":""2026-09-21T16:59:26.321+00:00"",""study_date"":""2026-09-21"",""rating"":3,""answer_result"":""correct"",""answer_text"":""должел был"",""previous_state"":1,""stability_days"":0.10314065,""difficulty"":9.17883322,""scheduled_days"":0}]",[]
ordly-material-v1,2026-09-22T08:53:56.717Z,phrase,3e18ff9e-0133-4f31-9a43-609691ad6b03,word,godt lide,гот ли,,нравиться,нравиться [phrase; ai],"[{""id"":""6e2dc7d9-6d32-427b-8bdb-b33109781660"",""pos"":""phrase"",""note"":null,""text"":""нравиться"",""gender"":null,""source"":""ai"",""example"":null,""coverage"":{""produced"":0,""last_seen"":null,""recognized"":0},""created_at"":""2026-09-16T14:40:44Z"",""removed_at"":null,""example_translation"":null}]","нравиться: recognized 0, produced 0, last seen never",phrase,,Jeg godt lide is.,Мне нравится мороженое,learning,0,true,,2026-09-02T17:00:18.219172+00:00,2026-09-21T13:48:42.896895+00:00,100,building,2026-09-26T13:48:42.831+00:00,2,5.36609762,8.24449923,6,1,0,6,5,2026-09-21T13:48:42.831+00:00,6,1,1,4,0,3,1,2,2026-09-03T06:11:26.857+00:00,2026-09-21T13:48:42.831+00:00,0,0,0,0,0,0,0,,"[{""reviewed_at"":""2026-09-03T06:11:26.857+00:00"",""study_date"":""2026-09-03"",""rating"":3,""answer_result"":""correct"",""answer_text"":null,""previous_state"":0,""stability_days"":2.3065,""difficulty"":2.11810397,""scheduled_days"":0},{""reviewed_at"":""2026-09-03T06:27:27.757+00:00"",""study_date"":""2026-09-03"",""rating"":3,""answer_result"":""correct"",""answer_text"":null,""previous_state"":1,""stability_days"":2.3065,""difficulty"":2.11121424,""scheduled_days"":2},{""reviewed_at"":""2026-09-05T11:55:38.681+00:00"",""study_date"":""2026-09-05"",""rating"":3,""answer_result"":""mostly"",""answer_text"":""нравится"",""previous_state"":2,""stability_days"":10.97104786,""difficulty"":2.1043314,""scheduled_days"":10},{""reviewed_at"":""2026-09-15T14:06:02.134+00:00"",""study_date"":""2026-09-15"",""rating"":1,""answer_result"":""incorrect"",""answer_text"":""bliv gerne"",""previous_state"":2,""stability_days"":1.52281067,""difficulty"":7.38997579,""scheduled_days"":0},{""reviewed_at"":""2026-09-15T14:06:45.027+00:00"",""study_date"":""2026-09-15"",""rating"":3,""answer_result"":""correct"",""answer_text"":""godt lide"",""previous_state"":3,""stability_days"":1.55637757,""difficulty"":7.37781418,""scheduled_days"":2},{""reviewed_at"":""2026-09-21T13:48:42.831+00:00"",""study_date"":""2026-09-21"",""rating"":2,""answer_result"":""incorrect"",""answer_text"":""очень хорошо"",""previous_state"":2,""stability_days"":5.36609762,""difficulty"":8.24449923,""scheduled_days"":5}]",[]
ordly-material-v1,2026-09-22T08:53:56.717Z,word,f610b6a0-9dfb-44ea-9033-5248c3242024,word,tit,тид,words/tit-037b3e93.mp3,часто,часто [adverb; ai],"[{""id"":""f7136881-169b-4f15-a70e-00483a26c1c4"",""pos"":""adverb"",""note"":null,""text"":""часто"",""gender"":null,""source"":""ai"",""example"":null,""coverage"":{""produced"":0,""last_seen"":""2026-09-21T16:22:39.310Z"",""recognized"":3},""created_at"":""2026-09-16T14:40:44Z"",""removed_at"":null,""example_translation"":null}]","часто: recognized 3, produced 0, last seen 2026-09-21T16:22:39.310Z",adverb,,Jeg ser mine forældre tit.,Я часто вижу своих родителей.,learning,0,true,,2026-09-15T15:47:38.791079+00:00,2026-09-21T16:22:39.319079+00:00,100,fragile,2026-09-22T16:22:39.236+00:00,2,0.08123839,9.81600103,8,0,0,0,1,2026-09-21T16:22:39.236+00:00,8,4,0,4,0,4,0,4,2026-09-16T17:51:13.477+00:00,2026-09-21T16:22:39.236+00:00,0,0,0,0,0,0,0,,"[{""reviewed_at"":""2026-09-16T17:51:13.477+00:00"",""study_date"":""2026-09-16"",""rating"":1,""answer_result"":""incorrect"",""answer_text"":null,""previous_state"":0,""stability_days"":0.212,""difficulty"":6.4133,""scheduled_days"":0},{""reviewed_at"":""2026-09-16T17:51:34.392+00:00"",""study_date"":""2026-09-16"",""rating"":1,""answer_result"":""incorrect"",""answer_text"":null,""previous_state"":1,""stability_days"":0.08335672,""difficulty"":8.80630447,""scheduled_days"":0},{""reviewed_at"":""2026-09-16T17:52:44.135+00:00"",""study_date"":""2026-09-16"",""rating"":3,""answer_result"":""correct"",""answer_text"":""часто"",""previous_state"":1,""stability_days"":0.10314065,""difficulty"":8.79272653,""scheduled_days"":0},{""reviewed_at"":""2026-09-17T21:13:35.552+00:00"",""study_date"":""2026-09-17"",""rating"":1,""answer_result"":""incorrect"",""answer_text"":null,""previous_state"":1,""stability_days"":0.0560282,""difficulty"":9.58840579,""scheduled_days"":0},{""reviewed_at"":""2026-09-17T21:14:30.108+00:00"",""study_date"":""2026-09-17"",""rating"":3,""answer_result"":""correct"",""answer_text"":""tit"",""previous_state"":1,""stability_days"":0.07116209,""difficulty"":9.57404575,""scheduled_days"":0},{""reviewed_at"":""2026-09-21T14:00:05.129+00:00"",""study_date"":""2026-09-21"",""rating"":1,""answer_result"":""incorrect"",""answer_text"":null,""previous_state"":1,""stability_days"":0.0504836,""difficulty"":9.84522011,""scheduled_days"":0},{""reviewed_at"":""2026-09-21T14:13:36.146+00:00"",""study_date"":""2026-09-21"",""rating"":3,""answer_result"":""correct"",""answer_text"":""часто"",""previous_state"":1,""stability_days"":0.06456099,""difficulty"":9.83060326,""scheduled_days"":0},{""reviewed_at"":""2026-09-21T16:22:39.236+00:00"",""study_date"":""2026-09-21"",""rating"":3,""answer_result"":""correct"",""answer_text"":""часто"",""previous_state"":1,""stability_days"":0.08123839,""difficulty"":9.81600103,""scheduled_days"":1}]",[]
ordly-material-v1,2026-09-22T08:53:56.717Z,word,76c65f2b-7bd3-4e92-9aa9-ff1b51320ff3,word,megen,ма́йэн,words/megen-5fd8b5cd.mp3,"много, большой по количеству","много, большой по количеству [adjective; ai]","[{""id"":""ec358cb5-8123-50bd-b504-333f0ba2fe53"",""pos"":""adjective"",""note"":null,""text"":""много, большой по количеству"",""gender"":null,""locked"":false,""source"":""ai"",""example"":null,""coverage"":{""produced"":0,""last_seen"":null,""recognized"":0},""created_at"":""2026-09-21T13:37:24.481Z"",""removed_at"":null,""example_translation"":null}]","много, большой по количеству: recognized 0, produced 0, last seen never",adjective,,Der er megen sne i vinter.,Этой зимой много снега.,new,0,false,megen,2026-09-21T13:37:25.336307+00:00,2026-09-21T14:15:47.403676+00:00,,new,2026-09-21T13:37:25.336307+00:00,0,0,0,0,0,0,0,0,,0,0,0,0,0,0,0,0,,,0,0,0,0,0,0,0,,[],[]
ordly-material-v1,2026-09-22T08:53:56.717Z,word,d29b6f06-33b4-44ad-bc73-7a539f224ae7,word,at,ад,words/at-27e90dfa.mp3,что,что [conjunction; ai],"[{""id"":""f40cac6a-e21f-5bfd-9761-7b7dc33646ff"",""pos"":""conjunction"",""note"":null,""text"":""что"",""gender"":null,""locked"":false,""source"":""ai"",""example"":null,""coverage"":{""produced"":0,""last_seen"":""2026-09-21T16:58:08.721Z"",""recognized"":2},""created_at"":""2026-09-21T13:36:13.448Z"",""removed_at"":null,""example_translation"":null},{""id"":""f9837b5f-64b3-5dfb-bf46-f286bcdff8f5"",""pos"":""conjunction"",""note"":null,""text"":""частица перед инфинитивом глагола (не переводится отдельно)"",""gender"":null,""locked"":true,""source"":""ai"",""example"":""Jeg elsker at rejse."",""coverage"":{""produced"":0,""last_seen"":null,""recognized"":0},""created_at"":""2026-09-21T13:36:13.448Z"",""removed_at"":null,""example_translation"":""Я люблю путешествовать.""}]","что: recognized 2, produced 0, last seen 2026-09-21T16:58:08.721Z",conjunction,,"Jeg tror, at det er rigtigt.","Я думаю, что это правильно.",learning,0,false,at,2026-09-21T13:36:14.637252+00:00,2026-09-21T16:58:08.728907+00:00,100,fragile,2026-09-22T16:58:08.652+00:00,2,0.28420636,6.39094132,3,0,0,0,1,2026-09-21T16:58:08.652+00:00,3,1,0,2,0,2,0,1,2026-09-21T14:30:53.636+00:00,2026-09-21T16:58:08.652+00:00,0,0,0,0,0,0,0,,"[{""reviewed_at"":""2026-09-21T14:30:53.636+00:00"",""study_date"":""2026-09-21"",""rating"":1,""answer_result"":""incorrect"",""answer_text"":""к"",""previous_state"":0,""stability_days"":0.212,""difficulty"":6.4133,""scheduled_days"":0},{""reviewed_at"":""2026-09-21T16:24:16.053+00:00"",""study_date"":""2026-09-21"",""rating"":3,""answer_result"":""correct"",""answer_text"":""что"",""previous_state"":1,""stability_days"":0.24668919,""difficulty"":6.40211507,""scheduled_days"":0},{""reviewed_at"":""2026-09-21T16:58:08.652+00:00"",""study_date"":""2026-09-21"",""rating"":3,""answer_result"":""correct"",""answer_text"":""что"",""previous_state"":1,""stability_days"":0.28420636,""difficulty"":6.39094132,""scheduled_days"":1}]",[]
ordly-material-v1,2026-09-22T08:53:56.717Z,word,3ba15f02-c68f-48b3-a26a-ac429b1ecaf7,word,hel,,words/hel-3617b3d6.mp3,"весь, целый",весь [adjective; ai] | целый [adjective; ai],"[{""id"":""71369460-f19e-4366-b527-dc7b35423c96"",""pos"":""adjective"",""note"":null,""text"":""весь"",""gender"":null,""source"":""ai"",""example"":null,""coverage"":{""produced"":0,""last_seen"":null,""recognized"":0},""created_at"":""2026-09-16T14:40:44Z"",""removed_at"":null,""example_translation"":null},{""id"":""c6391c3e-8d61-4e81-ae5e-f6e0d17c5011"",""pos"":""adjective"",""note"":null,""text"":""целый"",""gender"":null,""source"":""ai"",""example"":null,""coverage"":{""produced"":0,""last_seen"":null,""recognized"":0},""created_at"":""2026-09-16T14:40:44Z"",""removed_at"":null,""example_translation"":null}]","весь: recognized 0, produced 0, last seen never | целый: recognized 0, produced 0, last seen never",adjective,,Jeg spiser hele kagen.,Я ем весь торт.,learning,0,true,,2026-09-03T14:39:20.811119+00:00,2026-09-21T14:15:47.403676+00:00,100,growing,2026-09-28T14:06:40.538+00:00,2,8.30892687,9.40428443,11,1,0,6,7,2026-09-21T14:06:40.538+00:00,11,3,1,5,2,7,0,4,2026-09-04T11:00:22.465+00:00,2026-09-21T14:06:40.538+00:00,2,2,0,0,0,2,0,2026-09-12T10:20:05.628Z,"[{""reviewed_at"":""2026-09-04T11:00:22.465+00:00"",""study_date"":""2026-09-04"",""rating"":1,""answer_result"":""incorrect"",""answer_text"":null,""previous_state"":0,""stability_days"":0.212,""difficulty"":6.4133,""scheduled_days"":0},{""reviewed_at"":""2026-09-04T11:01:17.024+00:00"",""study_date"":""2026-09-04"",""rating"":3,""answer_result"":""correct"",""answer_text"":""весь"",""previous_state"":1,""stability_days"":0.24668919,""difficulty"":6.40211507,""scheduled_days"":0},{""reviewed_at"":""2026-09-04T12:20:43.756+00:00"",""study_date"":""2026-09-04"",""rating"":1,""answer_result"":""incorrect"",""answer_text"":null,""previous_state"":1,""stability_days"":0.09603384,""difficulty"":8.80262806,""scheduled_days"":0},{""reviewed_at"":""2026-09-04T12:21:15.668+00:00"",""study_date"":""2026-09-04"",""rating"":2,""answer_result"":""correct"",""answer_text"":""hele"",""previous_state"":1,""stability_days"":0.09603384,""difficulty"":9.19035708,""scheduled_days"":0},{""reviewed_at"":""2026-09-04T15:08:09.757+00:00"",""study_date"":""2026-09-04"",""rating"":3,""answer_result"":""correct"",""answer_text"":""hele"",""previous_state"":1,""stability_days"":0.11772479,""difficulty"":9.17639509,""scheduled_days"":0},{""reviewed_at"":""2026-09-04T20:25:53.621+00:00"",""study_date"":""2026-09-04"",""rating"":3,""answer_result"":""correct"",""answer_text"":""весь"",""previous_state"":1,""stability_days"":0.14239409,""difficulty"":9.16244706,""scheduled_days"":1},{""reviewed_at"":""2026-09-07T14:34:01.231+00:00"",""study_date"":""2026-09-07"",""rating"":1,""answer_result"":""incorrect"",""answer_text"":""bare"",""previous_state"":2,""stability_days"":0.08594302,""difficulty"":9.70993041,""scheduled_days"":0},{""reviewed_at"":""2026-09-07T14:40:19.708+00:00"",""study_date"":""2026-09-07"",""rating"":3,""answer_result"":""correct"",""answer_text"":""целый"",""previous_state"":3,""stability_days"":0.1061272,""difficulty"":9.69544885,""scheduled_days"":1},{""reviewed_at"":""2026-09-12T10:26:34.795+00:00"",""study_date"":""2026-09-12"",""rating"":4,""answer_result"":""correct"",""answer_text"":""hele"",""previous_state"":2,""stability_days"":1.1560927,""difficulty"":9.57891041,""scheduled_days"":3},{""reviewed_at"":""2026-09-15T14:05:33.971+00:00"",""study_date"":""2026-09-15"",""rating"":3,""answer_result"":""correct"",""answer_text"":""целый"",""previous_state"":2,""stability_days"":2.7362374,""difficulty"":9.56455987,""scheduled_days"":3},{""reviewed_at"":""2026-09-21T14:06:40.538+00:00"",""study_date"":""2026-09-21"",""rating"":4,""answer_result"":""incorrect"",""answer_text"":null,""previous_state"":2,""stability_days"":8.30892687,""difficulty"":9.40428443,""scheduled_days"":7}]","[{""at"":""2026-09-11T06:17:59.702Z"",""kind"":""produce"",""objective"":""production"",""result"":""correct"",""rating"":3,""assistance"":""none"",""modality"":""typed"",""response_ms"":4896,""replays"":0},{""at"":""2026-09-12T10:20:05.628Z"",""kind"":""produce"",""objective"":""production"",""result"":""correct"",""rating"":3,""assistance"":""none"",""modality"":""typed"",""response_ms"":2928,""replays"":0}]"
ordly-material-v1,2026-09-22T08:53:56.717Z,phrase,3f1afeb3-7fe0-4ccf-a837-c4a7fb6b07aa,word,bliver bedre,бливе бэдре,,стать лучше,стать лучше [phrase; ai],"[{""id"":""fb33f64a-6c44-4a7c-9ea3-843a9d8b5d68"",""pos"":""phrase"",""note"":null,""text"":""стать лучше"",""gender"":null,""source"":""ai"",""example"":null,""coverage"":{""produced"":0,""last_seen"":null,""recognized"":0},""created_at"":""2026-09-16T14:40:44Z"",""removed_at"":null,""example_translation"":null}]","стать лучше: recognized 0, produced 0, last seen never",phrase,,Jeg vil gerne blive bedre til at tale dansk.,Я хочу стать лучше в разговоре датского языка.,learning,0,true,,2026-09-02T17:37:27.14182+00:00,2026-09-16T15:02:48.862214+00:00,98,strong,2026-10-27T14:06:37.772+00:00,2,43.96600398,2.09745544,4,0,0,10,42,2026-09-15T14:06:37.772+00:00,4,0,0,4,0,4,0,0,2026-09-03T07:13:31.605+00:00,2026-09-15T14:06:37.772+00:00,0,0,0,0,0,0,0,,"[{""reviewed_at"":""2026-09-03T07:13:31.605+00:00"",""study_date"":""2026-09-03"",""rating"":3,""answer_result"":""correct"",""answer_text"":""становиться лучше"",""previous_state"":0,""stability_days"":2.3065,""difficulty"":2.11810397,""scheduled_days"":0},{""reviewed_at"":""2026-09-03T09:42:54.996+00:00"",""study_date"":""2026-09-03"",""rating"":3,""answer_result"":""correct"",""answer_text"":""становиться лучше"",""previous_state"":1,""stability_days"":2.3065,""difficulty"":2.11121424,""scheduled_days"":2},{""reviewed_at"":""2026-09-05T11:56:20.962+00:00"",""study_date"":""2026-09-05"",""rating"":3,""answer_result"":""correct"",""answer_text"":""становиться лучше"",""previous_state"":2,""stability_days"":10.97104786,""difficulty"":2.1043314,""scheduled_days"":10},{""reviewed_at"":""2026-09-15T14:06:37.772+00:00"",""study_date"":""2026-09-15"",""rating"":3,""answer_result"":""correct"",""answer_text"":""blive bedre"",""previous_state"":2,""stability_days"":43.96600398,""difficulty"":2.09745544,""scheduled_days"":42}]",[]
ordly-material-v1,2026-09-22T08:53:56.717Z,word,1e724316-eaf5-489b-a652-4145e7cc3766,word,solbrille,со́лбрелэ,words/solbrille-1b66051e.mp3,солнечные очки,"солнечные очки [noun, en; ai]","[{""id"":""34c1e7df-f79e-4cfe-9e4e-482608e7d835"",""pos"":""noun"",""note"":null,""text"":""солнечные очки"",""gender"":""en"",""source"":""ai"",""example"":null,""coverage"":{""produced"":0,""last_seen"":""2026-09-21T14:13:46.860Z"",""recognized"":1},""created_at"":""2026-09-16T14:40:44Z"",""removed_at"":null,""example_translation"":null}]","солнечные очки: recognized 1, produced 0, last seen 2026-09-21T14:13:46.860Z",noun,en,Jeg har en solbrille.,У меня есть солнечные очки.,learning,0,true,,2026-09-07T16:26:05.519403+00:00,2026-09-21T14:16:45.964514+00:00,100,strong,2026-11-09T14:13:46.789+00:00,2,46.28021494,2.1043314,3,0,0,11,49,2026-09-21T14:13:46.789+00:00,3,0,0,3,0,3,0,0,2026-09-08T13:52:28.442+00:00,2026-09-21T14:13:46.789+00:00,0,0,0,0,0,0,0,,"[{""reviewed_at"":""2026-09-08T13:52:28.442+00:00"",""study_date"":""2026-09-08"",""rating"":3,""answer_result"":""correct"",""answer_text"":""солнечные очки"",""previous_state"":0,""stability_days"":2.3065,""difficulty"":2.11810397,""scheduled_days"":0},{""reviewed_at"":""2026-09-10T10:01:53.95+00:00"",""study_date"":""2026-09-10"",""rating"":3,""answer_result"":""correct"",""answer_text"":""солнечные очки"",""previous_state"":1,""stability_days"":10.96433194,""difficulty"":2.11121424,""scheduled_days"":10},{""reviewed_at"":""2026-09-21T14:13:46.789+00:00"",""study_date"":""2026-09-21"",""rating"":3,""answer_result"":""correct"",""answer_text"":""солнечные очки"",""previous_state"":2,""stability_days"":46.28021494,""difficulty"":2.1043314,""scheduled_days"":49}]",[]
ordly-material-v1,2026-09-22T08:53:56.717Z,phrase,31261ca4-fc36-4c7c-abf1-a3fc1807d9c3,word,tage på stranden,та́а по стра́нэн,,идти на пляж,идти на пляж [phrase; ai],"[{""id"":""af4ac176-909f-4eca-a1e3-7829f862e1fa"",""pos"":""phrase"",""note"":null,""text"":""идти на пляж"",""gender"":null,""source"":""ai"",""example"":null,""coverage"":{""produced"":0,""last_seen"":null,""recognized"":0},""created_at"":""2026-09-16T14:40:44Z"",""removed_at"":null,""example_translation"":null}]","идти на пляж: recognized 0, produced 0, last seen never",phrase,,Vi skal tage på stranden i morgen.,Мы пойдем на пляж завтра.,learning,0,true,,2026-09-07T16:09:15.999322+00:00,2026-09-21T14:17:15.15475+00:00,100,strong,2026-11-04T14:17:15.071+00:00,2,46.28021494,2.1043314,3,0,0,11,44,2026-09-21T14:17:15.071+00:00,3,0,0,3,0,2,0,1,2026-09-08T13:52:05.448+00:00,2026-09-21T14:17:15.071+00:00,0,0,0,0,0,0,0,,"[{""reviewed_at"":""2026-09-08T13:52:05.448+00:00"",""study_date"":""2026-09-08"",""rating"":3,""answer_result"":""incorrect"",""answer_text"":""собираться на пляж"",""previous_state"":0,""stability_days"":2.3065,""difficulty"":2.11810397,""scheduled_days"":0},{""reviewed_at"":""2026-09-10T10:01:28.814+00:00"",""study_date"":""2026-09-10"",""rating"":3,""answer_result"":""correct"",""answer_text"":""поехать на пляж"",""previous_state"":1,""stability_days"":10.96433194,""difficulty"":2.11121424,""scheduled_days"":11},{""reviewed_at"":""2026-09-21T14:17:15.071+00:00"",""study_date"":""2026-09-21"",""rating"":3,""answer_result"":""correct"",""answer_text"":""пошли на пляж"",""previous_state"":2,""stability_days"":46.28021494,""difficulty"":2.1043314,""scheduled_days"":44}]",[]
ordly-material-v1,2026-09-22T08:53:56.717Z,word,d902eb17-1cb5-4f87-9975-f8e2f134bd96,word,nogensinde,но́эн-синнэ,words/nogensinde-e7c6616b.mp3,"когда-нибудь, когда либо","когда-нибудь, когда либо [adverb; ai]","[{""id"":""2908c0f6-3603-4117-9310-5847ad5ad56b"",""pos"":""adverb"",""note"":null,""text"":""когда-нибудь, когда либо"",""gender"":null,""source"":""ai"",""example"":null,""coverage"":{""produced"":0,""last_seen"":null,""recognized"":0},""created_at"":""2026-09-16T14:40:44Z"",""removed_at"":null,""example_translation"":null},{""id"":""5471248a-0e85-4576-bb83-e66f7385186b"",""pos"":null,""note"":null,""text"":""когда либо"",""gender"":null,""source"":""split"",""example"":null,""coverage"":{""produced"":0,""last_seen"":null,""recognized"":0},""created_at"":""2026-09-16T14:40:44Z"",""removed_at"":""2026-09-16T14:44:08.646Z"",""example_translation"":null}]","когда-нибудь, когда либо: recognized 0, produced 0, last seen never",adverb,,Har du nogensinde set en hval?,Ты когда-нибудь видел кита?,learning,0,true,,2026-09-15T16:43:28.691905+00:00,2026-09-21T16:58:39.896741+00:00,100,fragile,2026-09-21T17:08:39.822+00:00,1,0.06538393,9.70046909,5,0,1,0,0,2026-09-21T16:58:39.822+00:00,5,3,1,1,0,1,0,4,2026-09-17T20:59:11.35+00:00,2026-09-21T16:58:39.822+00:00,0,0,0,0,0,0,0,,"[{""reviewed_at"":""2026-09-17T20:59:11.35+00:00"",""study_date"":""2026-09-17"",""rating"":1,""answer_result"":""incorrect"",""answer_text"":null,""previous_state"":0,""stability_days"":0.212,""difficulty"":6.4133,""scheduled_days"":0},{""reviewed_at"":""2026-09-21T13:49:48.512+00:00"",""study_date"":""2026-09-21"",""rating"":1,""answer_result"":""incorrect"",""answer_text"":""совершенно никто"",""previous_state"":1,""stability_days"":0.12575017,""difficulty"":8.80630447,""scheduled_days"":0},{""reviewed_at"":""2026-09-21T14:34:47.138+00:00"",""study_date"":""2026-09-21"",""rating"":1,""answer_result"":""incorrect"",""answer_text"":""кто-то"",""previous_state"":1,""stability_days"":0.05117273,""difficulty"":9.59286876,""scheduled_days"":0},{""reviewed_at"":""2026-09-21T16:30:10.162+00:00"",""study_date"":""2026-09-21"",""rating"":2,""answer_result"":""incorrect"",""answer_text"":null,""previous_state"":1,""stability_days"":0.05117273,""difficulty"":9.71495568,""scheduled_days"":0},{""reviewed_at"":""2026-09-21T16:58:39.822+00:00"",""study_date"":""2026-09-21"",""rating"":3,""answer_result"":""correct"",""answer_text"":""когда-нибудь"",""previous_state"":1,""stability_days"":0.06538393,""difficulty"":9.70046909,""scheduled_days"":0}]",[]
ordly-material-v1,2026-09-22T08:53:56.717Z,word,b529e932-4a28-4cd6-9120-f0b23255ead8,word,den,дэ́н,words/den-0e1ddfe7.mp3,"тот, та","тот, та [pronoun; ai]","[{""id"":""b73116f2-fa75-57fa-b586-7cfb480fd6af"",""pos"":""pronoun"",""note"":null,""text"":""тот, та"",""gender"":null,""locked"":false,""source"":""ai"",""example"":null,""coverage"":{""produced"":0,""last_seen"":""2026-09-21T14:16:33.810Z"",""recognized"":1},""created_at"":""2026-09-21T07:14:53.464Z"",""removed_at"":null,""example_translation"":null},{""id"":""37e282d9-bc8e-5ee2-896f-fe2d85772a91"",""pos"":""pronoun"",""note"":null,""text"":""он, она, это (о предмете общего рода)"",""gender"":null,""locked"":true,""source"":""ai"",""example"":""Har du set min telefon? Den ligger på bordet."",""coverage"":{""produced"":0,""last_seen"":null,""recognized"":0},""created_at"":""2026-09-21T07:14:53.464Z"",""removed_at"":null,""example_translation"":""Ты видел мой телефон? Он лежит на столе.""}]","тот, та: recognized 1, produced 0, last seen 2026-09-21T14:16:33.810Z",pronoun,,Den bog er god.,Та книга хорошая.,learning,0,false,den,2026-09-21T07:15:00.132706+00:00,2026-09-21T16:58:52.202141+00:00,100,fragile,2026-09-22T16:58:52.126+00:00,2,0.14239409,8.77549312,5,0,0,0,1,2026-09-21T16:58:52.126+00:00,5,2,0,3,0,3,0,2,2026-09-21T14:16:13.241+00:00,2026-09-21T16:58:52.126+00:00,0,0,0,0,0,0,0,,"[{""reviewed_at"":""2026-09-21T14:16:13.241+00:00"",""study_date"":""2026-09-21"",""rating"":1,""answer_result"":""incorrect"",""answer_text"":""они"",""previous_state"":0,""stability_days"":0.212,""difficulty"":6.4133,""scheduled_days"":0},{""reviewed_at"":""2026-09-21T14:16:33.664+00:00"",""study_date"":""2026-09-21"",""rating"":3,""answer_result"":""correct"",""answer_text"":""тот, та"",""previous_state"":1,""stability_days"":0.24668919,""difficulty"":6.40211507,""scheduled_days"":0},{""reviewed_at"":""2026-09-21T16:23:04.844+00:00"",""study_date"":""2026-09-21"",""rating"":1,""answer_result"":""incorrect"",""answer_text"":""это"",""previous_state"":1,""stability_days"":0.09603384,""difficulty"":8.80262806,""scheduled_days"":0},{""reviewed_at"":""2026-09-21T16:31:16.032+00:00"",""study_date"":""2026-09-21"",""rating"":3,""answer_result"":""correct"",""answer_text"":""тот,  то"",""previous_state"":1,""stability_days"":0.11772479,""difficulty"":8.7890538,""scheduled_days"":0},{""reviewed_at"":""2026-09-21T16:58:52.126+00:00"",""study_date"":""2026-09-21"",""rating"":3,""answer_result"":""correct"",""answer_text"":""то"",""previous_state"":1,""stability_days"":0.14239409,""difficulty"":8.77549312,""scheduled_days"":1}]",[]
ordly-material-v1,2026-09-22T08:53:56.717Z,word,34cd2781-1409-4855-9eb6-81088eb0db4d,word,derfor,дэ́рфоа,words/derfor-0b4ebb24.mp3,поэтому,поэтому [adverb; ai],"[{""id"":""74fca4fb-c170-4c4f-bf62-ae57cbc761a0"",""pos"":""adverb"",""note"":null,""text"":""поэтому"",""gender"":null,""source"":""ai"",""example"":null,""coverage"":{""produced"":0,""last_seen"":null,""recognized"":0},""created_at"":""2026-09-16T14:40:44Z"",""removed_at"":null,""example_translation"":null}]","поэтому: recognized 0, produced 0, last seen never",adverb,,"Jeg er træt, derfor går jeg i seng.","Я устал, поэтому я ложусь спать.",learning,0,true,,2026-09-04T16:17:30.564798+00:00,2026-09-21T14:15:47.403676+00:00,96,growing,2026-10-07T14:00:22.568+00:00,2,19.50425361,6.72734342,4,0,0,9,22,2026-09-15T14:00:22.568+00:00,4,0,2,2,0,3,0,1,2026-09-04T20:31:05.938+00:00,2026-09-15T14:00:22.568+00:00,1,0,0,1,0,1,0,2026-09-15T14:00:22.568Z,"[{""reviewed_at"":""2026-09-04T20:31:05.938+00:00"",""study_date"":""2026-09-04"",""rating"":2,""answer_result"":""correct"",""answer_text"":""поэтому"",""previous_state"":0,""stability_days"":1.2931,""difficulty"":5.11217071,""scheduled_days"":0},{""reviewed_at"":""2026-09-05T11:50:42.379+00:00"",""study_date"":""2026-09-05"",""rating"":3,""answer_result"":""correct"",""answer_text"":""поэтому"",""previous_state"":1,""stability_days"":4.54602939,""difficulty"":5.10228691,""scheduled_days"":0},{""reviewed_at"":""2026-09-06T09:10:57.918+00:00"",""study_date"":""2026-09-06"",""rating"":3,""answer_result"":""correct"",""answer_text"":""поэтому"",""previous_state"":1,""stability_days"":7.78275867,""difficulty"":5.09241299,""scheduled_days"":7},{""reviewed_at"":""2026-09-15T14:00:22.568+00:00"",""study_date"":""2026-09-15"",""rating"":2,""answer_result"":""incorrect"",""answer_text"":null,""previous_state"":2,""stability_days"":19.50425361,""difficulty"":6.72734342,""scheduled_days"":22}]","[{""at"":""2026-09-15T14:00:22.568Z"",""kind"":""recall"",""objective"":""meaning"",""result"":""incorrect"",""rating"":2,""assistance"":""none"",""modality"":""typed"",""response_ms"":2655,""replays"":0}]"
ordly-material-v1,2026-09-22T08:53:56.717Z,word,8a53cd5e-7509-4bf0-b800-7333bc7f75c5,word,menneske,мэ́нэсгэ,words/menneske-ba48b940.mp3,человек,"человек [noun, et; ai]","[{""id"":""c3b1f110-80f5-46cd-afd3-285ba0555d1c"",""pos"":""noun"",""note"":null,""text"":""человек"",""gender"":""et"",""source"":""ai"",""example"":null,""coverage"":{""produced"":0,""last_seen"":null,""recognized"":0},""created_at"":""2026-09-16T14:40:44Z"",""removed_at"":null,""example_translation"":null}]","человек: recognized 0, produced 0, last seen never",noun,et,Mennesker er venlige.,Люди дружелюбны.,learning,0,true,,2026-09-07T17:34:23.583249+00:00,2026-09-21T14:15:47.403676+00:00,91,growing,2026-09-22T10:28:30.175+00:00,2,10.96433194,2.11121424,2,0,0,2,10,2026-09-12T10:28:30.175+00:00,2,0,0,2,0,2,0,0,2026-09-10T08:02:19.337+00:00,2026-09-12T10:28:30.175+00:00,0,0,0,0,0,0,0,,"[{""reviewed_at"":""2026-09-10T08:02:19.337+00:00"",""study_date"":""2026-09-10"",""rating"":3,""answer_result"":""correct"",""answer_text"":""люди"",""previous_state"":0,""stability_days"":2.3065,""difficulty"":2.11810397,""scheduled_days"":0},{""reviewed_at"":""2026-09-12T10:28:30.175+00:00"",""study_date"":""2026-09-12"",""rating"":3,""answer_result"":""correct"",""answer_text"":""люди"",""previous_state"":1,""stability_days"":10.96433194,""difficulty"":2.11121424,""scheduled_days"":10}]",[]
ordly-material-v1,2026-09-22T08:53:56.717Z,phrase,9ffd45aa-0c66-4060-b143-ebb5608e316f,word,om eftermiddag,ом эфтармидэй,,во второй половине дня,во второй половине дня [phrase; ai],"[{""id"":""7e7d2c63-1cb5-4dec-b47a-deb3e9f9967b"",""pos"":""phrase"",""note"":null,""text"":""во второй половине дня"",""gender"":null,""source"":""ai"",""example"":null,""coverage"":{""produced"":0,""last_seen"":null,""recognized"":0},""created_at"":""2026-09-16T14:40:44Z"",""removed_at"":null,""example_translation"":null}]","во второй половине дня: recognized 0, produced 0, last seen never",phrase,,Vi mødes om eftermiddag.,Мы встречаемся во второй половине дня.,learning,0,true,,2026-09-07T17:19:37.922045+00:00,2026-09-16T15:00:21.539007+00:00,93,growing,2026-09-26T10:27:02.614+00:00,2,13.82690327,2.11121424,2,0,0,3,14,2026-09-12T10:27:02.614+00:00,2,0,0,2,0,1,1,0,2026-09-09T15:06:29.981+00:00,2026-09-12T10:27:02.614+00:00,0,0,0,0,0,0,0,,"[{""reviewed_at"":""2026-09-09T15:06:29.981+00:00"",""study_date"":""2026-09-09"",""rating"":3,""answer_result"":""mostly"",""answer_text"":""после обеда"",""previous_state"":0,""stability_days"":2.3065,""difficulty"":2.11810397,""scheduled_days"":0},{""reviewed_at"":""2026-09-12T10:27:02.614+00:00"",""study_date"":""2026-09-12"",""rating"":3,""answer_result"":""correct"",""answer_text"":""во второй половине дня"",""previous_state"":1,""stability_days"":13.82690327,""difficulty"":2.11121424,""scheduled_days"":14}]",[]
ordly-material-v1,2026-09-22T08:53:56.717Z,phrase,54605808-1e46-47f5-9a2b-141e9cd52fed,word,uden for byen,у́лэн фор бю́ен,,"за городом, вне города","за городом, вне города [phrase; ai]","[{""id"":""c1ab5fee-1d17-4466-bb67-6b684af82df2"",""pos"":""phrase"",""note"":null,""text"":""за городом, вне города"",""gender"":null,""source"":""ai"",""example"":null,""coverage"":{""produced"":0,""last_seen"":null,""recognized"":0},""created_at"":""2026-09-16T14:40:44Z"",""removed_at"":null,""example_translation"":null},{""id"":""c02b3ab1-cde2-445e-a9f4-ec829cd192c1"",""pos"":null,""note"":null,""text"":""вне города"",""gender"":null,""source"":""split"",""example"":null,""coverage"":{""produced"":0,""last_seen"":null,""recognized"":0},""created_at"":""2026-09-16T14:40:44Z"",""removed_at"":""2026-09-16T15:00:45.893Z"",""example_translation"":null}]","за городом, вне города: recognized 0, produced 0, last seen never",phrase,,Jeg bor uden for byen.,Я живу за пределами города.,learning,0,true,,2026-09-07T16:51:24.170637+00:00,2026-09-16T15:00:47.290221+00:00,93,growing,2026-09-27T10:23:22.455+00:00,2,13.82690327,2.11121424,2,0,0,3,15,2026-09-12T10:23:22.455+00:00,2,0,0,2,0,2,0,0,2026-09-09T14:55:21.355+00:00,2026-09-12T10:23:22.455+00:00,1,1,0,0,0,1,0,2026-09-12T10:23:22.455Z,"[{""reviewed_at"":""2026-09-09T14:55:21.355+00:00"",""study_date"":""2026-09-09"",""rating"":3,""answer_result"":""correct"",""answer_text"":""за городом"",""previous_state"":0,""stability_days"":2.3065,""difficulty"":2.11810397,""scheduled_days"":0},{""reviewed_at"":""2026-09-12T10:23:22.455+00:00"",""study_date"":""2026-09-12"",""rating"":3,""answer_result"":""correct"",""answer_text"":null,""previous_state"":1,""stability_days"":13.82690327,""difficulty"":2.11121424,""scheduled_days"":15}]","[{""at"":""2026-09-12T10:23:22.455Z"",""kind"":""recall"",""objective"":""meaning"",""result"":""correct"",""rating"":3,""assistance"":""none"",""modality"":""typed"",""response_ms"":4707,""replays"":0}]"
ordly-material-v1,2026-09-22T08:53:56.717Z,word,738d194f-54d8-4a28-bad7-0965c9528eac,word,så,со,words/saa-1813d00c.mp3,так,так [adverb; ai],"[{""id"":""c0815aef-286c-52cb-9c49-2cd7c40f0078"",""pos"":""adverb"",""note"":null,""text"":""так"",""gender"":null,""locked"":false,""source"":""ai"",""example"":null,""coverage"":{""produced"":0,""last_seen"":null,""recognized"":0},""created_at"":""2026-09-21T13:37:34.625Z"",""removed_at"":null,""example_translation"":null},{""id"":""8194931a-5dff-5965-9348-682b87c93eeb"",""pos"":""conjunction"",""note"":null,""text"":""поэтому, тогда"",""gender"":null,""locked"":true,""source"":""ai"",""example"":""Det blev sent, så vi tog en taxa."",""coverage"":{""produced"":0,""last_seen"":null,""recognized"":0},""created_at"":""2026-09-21T13:37:34.625Z"",""removed_at"":null,""example_translation"":""Стало поздно, поэтому мы взяли такси.""},{""id"":""4b9f4952-be71-5332-8f08-819327485fca"",""pos"":""adverb"",""note"":null,""text"":""потом, затем"",""gender"":null,""locked"":true,""source"":""ai"",""example"":""Vi spiste morgenmad, og så gik vi ud."",""coverage"":{""produced"":0,""last_seen"":null,""recognized"":0},""created_at"":""2026-09-21T13:37:34.625Z"",""removed_at"":null,""example_translation"":""Мы позавтракали, а потом вышли на улицу.""}]","так: recognized 0, produced 0, last seen never",adverb,,Hun er så træt.,Она так устала.,new,0,false,så,2026-09-21T13:37:35.44493+00:00,2026-09-21T14:15:47.403676+00:00,,new,2026-09-21T13:37:35.44493+00:00,0,0,0,0,0,0,0,0,,0,0,0,0,0,0,0,0,,,0,0,0,0,0,0,0,,[],[]
ordly-material-v1,2026-09-22T08:53:56.717Z,word,88b0e29a-cc3c-4a92-8b29-01ac4bce4a12,word,sig,са́й,words/sig-b3ed2cf3.mp3,"себя, себе","себя, себе [pronoun; ai]","[{""id"":""e722824c-acab-52f9-8690-4459891e1b40"",""pos"":""pronoun"",""note"":null,""text"":""себя, себе"",""gender"":null,""locked"":false,""source"":""ai"",""example"":null,""coverage"":{""produced"":0,""last_seen"":null,""recognized"":0},""created_at"":""2026-09-21T13:37:44.693Z"",""removed_at"":null,""example_translation"":null}]","себя, себе: recognized 0, produced 0, last seen never",pronoun,,Han vasker sig.,Он моется (букв. моет себя).,new,0,false,sig,2026-09-21T13:37:45.722442+00:00,2026-09-21T14:15:47.403676+00:00,,new,2026-09-21T13:37:45.722442+00:00,0,0,0,0,0,0,0,0,,0,0,0,0,0,0,0,0,,,0,0,0,0,0,0,0,,[],[]
ordly-material-v1,2026-09-22T08:53:56.717Z,word,5ddc2205-570b-4cd4-aced-03c543e0ac17,word,følgende,фё́лйэне,,следующий,следующий [adjective; ai],"[{""id"":""be8fb0d8-1a02-43e1-bb8c-19158b736aea"",""pos"":""adjective"",""note"":null,""text"":""следующий"",""gender"":null,""source"":""ai"",""example"":null,""coverage"":{""produced"":0,""last_seen"":""2026-09-21T16:58:45.631Z"",""recognized"":3},""created_at"":""2026-09-16T14:40:44Z"",""removed_at"":null,""example_translation"":null}]","следующий: recognized 3, produced 0, last seen 2026-09-21T16:58:45.631Z",adjective,,Den følgende sætning er vigtig.,Следующее предложение важно.,learning,0,true,,2026-09-07T17:24:36.701386+00:00,2026-09-21T16:58:45.631894+00:00,100,fragile,2026-09-22T16:58:45.547+00:00,2,0.19918668,9.8948164,10,2,0,0,1,2026-09-21T16:58:45.547+00:00,10,4,2,4,0,6,0,4,2026-09-10T08:01:52.985+00:00,2026-09-21T16:58:45.547+00:00,1,1,0,0,0,1,0,2026-09-15T13:55:08.852Z,"[{""reviewed_at"":""2026-09-10T08:01:52.985+00:00"",""study_date"":""2026-09-10"",""rating"":1,""answer_result"":""incorrect"",""answer_text"":null,""previous_state"":0,""stability_days"":0.212,""difficulty"":6.4133,""scheduled_days"":0},{""reviewed_at"":""2026-09-12T10:27:27.668+00:00"",""study_date"":""2026-09-12"",""rating"":1,""answer_result"":""incorrect"",""answer_text"":null,""previous_state"":1,""stability_days"":0.11279815,""difficulty"":8.80630447,""scheduled_days"":0},{""reviewed_at"":""2026-09-12T10:29:10.781+00:00"",""study_date"":""2026-09-12"",""rating"":3,""answer_result"":""correct"",""answer_text"":""следующий"",""previous_state"":1,""stability_days"":0.13681939,""difficulty"":8.79272653,""scheduled_days"":0},{""reviewed_at"":""2026-09-15T13:55:08.852+00:00"",""study_date"":""2026-09-15"",""rating"":2,""answer_result"":""correct"",""answer_text"":null,""previous_state"":1,""stability_days"":0.72009713,""difficulty"":9.18378399,""scheduled_days"":0},{""reviewed_at"":""2026-09-15T14:07:35.283+00:00"",""study_date"":""2026-09-15"",""rating"":3,""answer_result"":""correct"",""answer_text"":""folgene"",""previous_state"":1,""stability_days"":0.77314669,""difficulty"":9.16982858,""scheduled_days"":1},{""reviewed_at"":""2026-09-17T21:07:51.262+00:00"",""study_date"":""2026-09-17"",""rating"":1,""answer_result"":""incorrect"",""answer_text"":null,""previous_state"":2,""stability_days"":0.28167257,""difficulty"":9.71235666,""scheduled_days"":0},{""reviewed_at"":""2026-09-17T21:08:54.923+00:00"",""study_date"":""2026-09-17"",""rating"":3,""answer_result"":""correct"",""answer_text"":""следующий"",""previous_state"":3,""stability_days"":0.32169071,""difficulty"":9.69787267,""scheduled_days"":1},{""reviewed_at"":""2026-09-21T14:06:49.457+00:00"",""study_date"":""2026-09-21"",""rating"":1,""answer_result"":""incorrect"",""answer_text"":null,""previous_state"":2,""stability_days"":0.16861779,""difficulty"":9.88592117,""scheduled_days"":0},{""reviewed_at"":""2026-09-21T16:21:18.638+00:00"",""study_date"":""2026-09-21"",""rating"":2,""answer_result"":""correct"",""answer_text"":""следующий"",""previous_state"":3,""stability_days"":0.16861779,""difficulty"":9.90949753,""scheduled_days"":0},{""reviewed_at"":""2026-09-21T16:58:45.547+00:00"",""study_date"":""2026-09-21"",""rating"":3,""answer_result"":""correct"",""answer_text"":""следующий"",""previous_state"":3,""stability_days"":0.19918668,""difficulty"":9.8948164,""scheduled_days"":1}]","[{""at"":""2026-09-15T13:55:08.852Z"",""kind"":""recall"",""objective"":""meaning"",""result"":""correct"",""rating"":2,""assistance"":""none"",""modality"":""typed"",""response_ms"":10927,""replays"":0}]"
ordly-material-v1,2026-09-22T08:53:56.717Z,word,bd458686-40a5-47bd-84e9-300d3ff56727,word,al,,words/al-2f9ee2b3.mp3,"весь, всё","весь, всё [pronoun; ai]","[{""id"":""8a5b19d3-6442-4e0a-ac44-0b011d555b5d"",""pos"":""pronoun"",""note"":null,""text"":""весь, всё"",""gender"":null,""source"":""ai"",""example"":null,""coverage"":{""produced"":0,""last_seen"":null,""recognized"":0},""created_at"":""2026-09-16T14:40:44Z"",""removed_at"":null,""example_translation"":null}]","весь, всё: recognized 0, produced 0, last seen never",pronoun,,Jeg kan lide alt.,Мне нравится всё.,learning,0,true,,2026-09-07T16:58:44.028223+00:00,2026-09-21T14:15:47.403676+00:00,96,growing,2026-09-26T21:00:18.292+00:00,2,11.34902908,6.37977875,4,0,0,5,9,2026-09-17T21:00:18.292+00:00,4,1,0,3,0,2,1,1,2026-09-09T14:59:34.112+00:00,2026-09-17T21:00:18.292+00:00,1,1,0,0,0,1,0,2026-09-12T10:21:53.556Z,"[{""reviewed_at"":""2026-09-09T14:59:34.112+00:00"",""study_date"":""2026-09-09"",""rating"":1,""answer_result"":""incorrect"",""answer_text"":null,""previous_state"":0,""stability_days"":0.212,""difficulty"":6.4133,""scheduled_days"":0},{""reviewed_at"":""2026-09-12T10:21:53.556+00:00"",""study_date"":""2026-09-12"",""rating"":3,""answer_result"":""correct"",""answer_text"":null,""previous_state"":1,""stability_days"":2.76096548,""difficulty"":6.40211507,""scheduled_days"":0},{""reviewed_at"":""2026-09-12T23:54:17.494+00:00"",""study_date"":""2026-09-13"",""rating"":3,""answer_result"":""mostly"",""answer_text"":""все"",""previous_state"":1,""stability_days"":2.76096548,""difficulty"":6.39094132,""scheduled_days"":3},{""reviewed_at"":""2026-09-17T21:00:18.292+00:00"",""study_date"":""2026-09-17"",""rating"":3,""answer_result"":""correct"",""answer_text"":""alt"",""previous_state"":2,""stability_days"":11.34902908,""difficulty"":6.37977875,""scheduled_days"":9}]","[{""at"":""2026-09-12T10:21:53.556Z"",""kind"":""recall"",""objective"":""meaning"",""result"":""correct"",""rating"":3,""assistance"":""none"",""modality"":""typed"",""response_ms"":23160,""replays"":0}]"
ordly-material-v1,2026-09-22T08:53:56.717Z,phrase,b49a289b-6f8f-403a-b98e-107b74c1bc19,word,tage på,та́а по́,,"надеть, поехать",надеть [phrase; ai] | поехать [phrase; ai],"[{""id"":""a35785f6-cd8d-4305-830c-d93d79cd33f1"",""pos"":""phrase"",""note"":null,""text"":""надеть"",""gender"":null,""source"":""ai"",""example"":null,""coverage"":{""produced"":0,""last_seen"":null,""recognized"":0},""created_at"":""2026-09-16T14:40:44Z"",""removed_at"":null,""example_translation"":null},{""id"":""e0ff7e72-34ae-4403-a65f-ff920232ba6f"",""pos"":""phrase"",""note"":null,""text"":""поехать"",""gender"":null,""source"":""ai"",""example"":null,""coverage"":{""produced"":0,""last_seen"":null,""recognized"":0},""created_at"":""2026-09-16T14:40:44Z"",""removed_at"":null,""example_translation"":null}]","надеть: recognized 0, produced 0, last seen never | поехать: recognized 0, produced 0, last seen never",phrase,,Jeg vil tage på ferie i sommer.,Я хочу поехать в отпуск этим летом.,learning,0,true,,2026-09-07T16:45:58.617752+00:00,2026-09-17T21:02:09.279919+00:00,95,growing,2026-09-30T21:02:09.158+00:00,2,10.73908868,7.58936704,4,0,0,5,13,2026-09-17T21:02:09.158+00:00,4,1,1,2,0,2,0,2,2026-09-09T14:51:23.679+00:00,2026-09-17T21:02:09.158+00:00,2,1,0,1,0,2,0,2026-09-11T06:22:58.298Z,"[{""reviewed_at"":""2026-09-09T14:51:23.679+00:00"",""study_date"":""2026-09-09"",""rating"":1,""answer_result"":""incorrect"",""answer_text"":""добраться"",""previous_state"":0,""stability_days"":0.212,""difficulty"":6.4133,""scheduled_days"":0},{""reviewed_at"":""2026-09-11T06:22:58.298+00:00"",""study_date"":""2026-09-11"",""rating"":3,""answer_result"":""correct"",""answer_text"":null,""previous_state"":1,""stability_days"":2.4329485,""difficulty"":6.40211507,""scheduled_days"":0},{""reviewed_at"":""2026-09-12T10:32:23.925+00:00"",""study_date"":""2026-09-12"",""rating"":3,""answer_result"":""correct"",""answer_text"":""поехать"",""previous_state"":1,""stability_days"":5.02493942,""difficulty"":6.39094132,""scheduled_days"":4},{""reviewed_at"":""2026-09-17T21:02:09.158+00:00"",""study_date"":""2026-09-17"",""rating"":2,""answer_result"":""incorrect"",""answer_text"":""kigger på"",""previous_state"":2,""stability_days"":10.73908868,""difficulty"":7.58936704,""scheduled_days"":13}]","[{""at"":""2026-09-11T06:21:01.536Z"",""kind"":""recall"",""objective"":""meaning"",""result"":""incorrect"",""rating"":2,""assistance"":""model"",""modality"":""typed"",""response_ms"":6456,""replays"":0},{""at"":""2026-09-11T06:22:58.298Z"",""kind"":""recall"",""objective"":""meaning"",""result"":""correct"",""rating"":3,""assistance"":""none"",""modality"":""typed"",""response_ms"":7549,""replays"":0}]"
ordly-material-v1,2026-09-22T08:53:56.717Z,phrase,c7b3c1b8-e446-4268-a0a7-77074ba3c659,word,faldt ned,фел нэ,,упал,упал [phrase; ai],"[{""id"":""b1d60ec6-a3c1-4c5c-b94b-c80482e77f40"",""pos"":""phrase"",""note"":null,""text"":""упал"",""gender"":null,""source"":""ai"",""example"":null,""coverage"":{""produced"":0,""last_seen"":null,""recognized"":0},""created_at"":""2026-09-16T14:40:44Z"",""removed_at"":null,""example_translation"":null}]","упал: recognized 0, produced 0, last seen never",phrase,,Vandet faldt ned fra taget.,Вода упала с крыши.,learning,0,true,,2026-09-15T16:25:19.32854+00:00,2026-09-18T06:55:05.119719+00:00,95,growing,2026-09-29T06:55:05.014+00:00,2,10.96433194,2.11121424,2,0,0,2,11,2026-09-18T06:55:05.014+00:00,2,0,0,2,0,0,1,1,2026-09-16T17:54:24.138+00:00,2026-09-18T06:55:05.014+00:00,0,0,0,0,0,0,0,,"[{""reviewed_at"":""2026-09-16T17:54:24.138+00:00"",""study_date"":""2026-09-16"",""rating"":3,""answer_result"":""incorrect"",""answer_text"":""упасть на"",""previous_state"":0,""stability_days"":2.3065,""difficulty"":2.11810397,""scheduled_days"":0},{""reviewed_at"":""2026-09-18T06:55:05.014+00:00"",""study_date"":""2026-09-18"",""rating"":3,""answer_result"":""mostly"",""answer_text"":""упасть"",""previous_state"":1,""stability_days"":10.96433194,""difficulty"":2.11121424,""scheduled_days"":11}]",[]
ordly-material-v1,2026-09-22T08:53:56.717Z,word,029d4b7c-7aab-4760-ae0e-07ee12a94b77,word,nogen,но́эн,words/nogen-22122426.mp3,"кто-то, какой-то",кто-то [pronoun; ai] | какой-то [pronoun; ai],"[{""id"":""dba57a93-bc92-4253-878d-77263422ea48"",""pos"":""pronoun"",""note"":null,""text"":""кто-то"",""gender"":null,""source"":""ai"",""example"":null,""coverage"":{""produced"":0,""last_seen"":""2026-09-21T16:16:46.009Z"",""recognized"":1},""created_at"":""2026-09-16T14:40:44Z"",""removed_at"":null,""example_translation"":null},{""id"":""577d6e8d-dfe5-412e-aa73-9bb6f87c210d"",""pos"":""pronoun"",""note"":null,""text"":""какой-то"",""gender"":null,""source"":""ai"",""example"":null,""coverage"":{""produced"":0,""last_seen"":null,""recognized"":0},""created_at"":""2026-09-16T14:40:44Z"",""removed_at"":null,""example_translation"":null}]","кто-то: recognized 1, produced 0, last seen 2026-09-21T16:16:46.009Z | какой-то: recognized 0, produced 0, last seen never",pronoun,,Er der nogen hjemme?,Кто-нибудь дома?,learning,0,true,,2026-09-15T16:37:56.447637+00:00,2026-09-21T16:57:04.855658+00:00,100,fragile,2026-09-22T16:57:04.766+00:00,2,0.73796929,9.16488276,5,0,0,0,1,2026-09-21T16:57:04.766+00:00,5,2,1,2,0,2,0,3,2026-09-16T20:31:21.661+00:00,2026-09-21T16:57:04.766+00:00,0,0,0,0,0,0,0,,"[{""reviewed_at"":""2026-09-16T20:31:21.661+00:00"",""study_date"":""2026-09-16"",""rating"":1,""answer_result"":""incorrect"",""answer_text"":null,""previous_state"":0,""stability_days"":0.212,""difficulty"":6.4133,""scheduled_days"":0},{""reviewed_at"":""2026-09-18T06:56:08.727+00:00"",""study_date"":""2026-09-18"",""rating"":1,""answer_result"":""incorrect"",""answer_text"":null,""previous_state"":1,""stability_days"":0.11279815,""difficulty"":8.80630447,""scheduled_days"":0},{""reviewed_at"":""2026-09-21T14:00:38.311+00:00"",""study_date"":""2026-09-21"",""rating"":2,""answer_result"":""incorrect"",""answer_text"":null,""previous_state"":1,""stability_days"":0.63266391,""difficulty"":9.19279765,""scheduled_days"":0},{""reviewed_at"":""2026-09-21T16:16:45.912+00:00"",""study_date"":""2026-09-21"",""rating"":3,""answer_result"":""correct"",""answer_text"":""кто-то"",""previous_state"":1,""stability_days"":0.68508274,""difficulty"":9.17883322,""scheduled_days"":0},{""reviewed_at"":""2026-09-21T16:57:04.766+00:00"",""study_date"":""2026-09-21"",""rating"":3,""answer_result"":""correct"",""answer_text"":""кто-нибудь, кто-то"",""previous_state"":1,""stability_days"":0.73796929,""difficulty"":9.16488276,""scheduled_days"":1}]",[]
ordly-material-v1,2026-09-22T08:53:56.717Z,word,313be30e-ec1c-4be0-9292-29da98167949,word,ville,ви́лэ,words/ville-fc5c457b.mp3,хотел бы,хотел бы [verb; ai],"[{""id"":""34d26da1-5714-517b-8bee-aa65309e7377"",""pos"":""verb"",""note"":null,""text"":""хотел бы"",""gender"":null,""locked"":false,""source"":""ai"",""example"":null,""coverage"":{""produced"":0,""last_seen"":null,""recognized"":0},""created_at"":""2026-09-21T13:37:54.650Z"",""removed_at"":null,""example_translation"":null},{""id"":""f1a0b83a-edd6-52ec-a175-a5318be6e87a"",""pos"":""verb"",""note"":null,""text"":""буду, будет (вспомогательный глагол будущего времени)"",""gender"":null,""locked"":true,""source"":""ai"",""example"":""Det vil regne i morgen."",""coverage"":{""produced"":0,""last_seen"":null,""recognized"":0},""created_at"":""2026-09-21T13:37:54.650Z"",""removed_at"":null,""example_translation"":""Завтра будет дождь.""}]","хотел бы: recognized 0, produced 0, last seen never",verb,,Jeg vil gerne have en kop kaffe.,Я хотел бы чашку кофе.,new,0,false,ville,2026-09-21T13:37:56.223617+00:00,2026-09-21T14:15:47.403676+00:00,,new,2026-09-21T13:37:56.223617+00:00,0,0,0,0,0,0,0,0,,0,0,0,0,0,0,0,0,,,0,0,0,0,0,0,0,,[],[]
ordly-material-v1,2026-09-22T08:53:56.717Z,word,5d953794-6629-4b20-b846-e1f797e57c83,word,få,фо,words/faa-8221ae99.mp3,"получать, получать в качестве","получать, получать в качестве [verb; ai]","[{""id"":""ce3cc505-3132-4fa9-b915-ace60896f48c"",""pos"":""verb"",""note"":null,""text"":""получать, получать в качестве"",""gender"":null,""source"":""ai"",""example"":null,""coverage"":{""produced"":0,""last_seen"":null,""recognized"":0},""created_at"":""2026-09-16T14:40:44Z"",""removed_at"":null,""example_translation"":null},{""id"":""4861defc-8ba5-43c2-9344-c26a6cd7120b"",""pos"":null,""note"":null,""text"":""получать в качестве"",""gender"":null,""source"":""split"",""example"":null,""coverage"":{""produced"":0,""last_seen"":null,""recognized"":0},""created_at"":""2026-09-16T14:40:44Z"",""removed_at"":""2026-09-16T14:59:32.305Z"",""example_translation"":null}]","получать, получать в качестве: recognized 0, produced 0, last seen never",verb,,Jeg vil gerne få en kop kaffe.,Я хочу получить чашку кофе.,learning,0,true,,2026-09-15T16:29:54.585203+00:00,2026-09-21T16:57:40.134742+00:00,100,fragile,2026-09-21T16:58:40.019+00:00,1,0.01153257,9.94794979,6,0,0,0,0,2026-09-21T16:57:40.019+00:00,6,5,1,0,0,1,0,5,2026-09-16T20:30:53.518+00:00,2026-09-21T16:57:40.019+00:00,0,0,0,0,0,0,0,,"[{""reviewed_at"":""2026-09-16T20:30:53.518+00:00"",""study_date"":""2026-09-16"",""rating"":1,""answer_result"":""incorrect"",""answer_text"":null,""previous_state"":0,""stability_days"":0.212,""difficulty"":6.4133,""scheduled_days"":0},{""reviewed_at"":""2026-09-16T20:31:42.748+00:00"",""study_date"":""2026-09-16"",""rating"":1,""answer_result"":""incorrect"",""answer_text"":null,""previous_state"":1,""stability_days"":0.08335672,""difficulty"":8.80630447,""scheduled_days"":0},{""reviewed_at"":""2026-09-21T07:15:16.444+00:00"",""study_date"":""2026-09-21"",""rating"":1,""answer_result"":""incorrect"",""answer_text"":null,""previous_state"":1,""stability_days"":0.05970355,""difficulty"":9.59286876,""scheduled_days"":0},{""reviewed_at"":""2026-09-21T14:16:27.709+00:00"",""study_date"":""2026-09-21"",""rating"":1,""answer_result"":""incorrect"",""answer_text"":null,""previous_state"":1,""stability_days"":0.02551626,""difficulty"":9.85140709,""scheduled_days"":0},{""reviewed_at"":""2026-09-21T16:21:38.061+00:00"",""study_date"":""2026-09-21"",""rating"":2,""answer_result"":""correct"",""answer_text"":""принимать, получать"",""previous_state"":1,""stability_days"":0.02551626,""difficulty"":9.88658547,""scheduled_days"":0},{""reviewed_at"":""2026-09-21T16:57:40.019+00:00"",""study_date"":""2026-09-21"",""rating"":1,""answer_result"":""incorrect"",""answer_text"":null,""previous_state"":1,""stability_days"":0.01153257,""difficulty"":9.94794979,""scheduled_days"":0}]",[]
ordly-material-v1,2026-09-22T08:53:56.717Z,word,30192177-838b-4689-a80d-26ff02dcc753,word,skamme,,words/skamme-ceaff5b5.mp3,"стыдиться, позориться",стыдиться [verb; ai] | позориться [verb; ai],"[{""id"":""7ab55429-1a77-455c-943f-99946997a05c"",""pos"":""verb"",""note"":null,""text"":""стыдиться"",""gender"":null,""source"":""ai"",""example"":null,""coverage"":{""produced"":0,""last_seen"":""2026-09-21T16:22:14.942Z"",""recognized"":1},""created_at"":""2026-09-16T14:40:44Z"",""removed_at"":null,""example_translation"":null},{""id"":""dce65c32-884a-4b24-a70b-280d866e495d"",""pos"":""verb"",""note"":null,""text"":""позориться"",""gender"":null,""source"":""ai"",""example"":null,""coverage"":{""produced"":0,""last_seen"":null,""recognized"":0},""created_at"":""2026-09-16T14:40:44Z"",""removed_at"":null,""example_translation"":null}]","стыдиться: recognized 1, produced 0, last seen 2026-09-21T16:22:14.942Z | позориться: recognized 0, produced 0, last seen never",verb,,"Jeg skammede mig over, at jeg glemte min håndklæde.","Мне было стыдно, что я забыл свое полотенце.",learning,0,true,,2026-09-15T16:38:32.172783+00:00,2026-09-21T16:22:14.94205+00:00,100,fragile,2026-09-22T16:22:14.846+00:00,2,0.10988757,9.56415413,5,0,0,0,1,2026-09-21T16:22:14.846+00:00,5,3,0,2,0,1,1,3,2026-09-16T20:31:33.849+00:00,2026-09-21T16:22:14.846+00:00,0,0,0,0,0,0,0,,"[{""reviewed_at"":""2026-09-16T20:31:33.849+00:00"",""study_date"":""2026-09-16"",""rating"":1,""answer_result"":""incorrect"",""answer_text"":null,""previous_state"":0,""stability_days"":0.212,""difficulty"":6.4133,""scheduled_days"":0},{""reviewed_at"":""2026-09-18T06:56:42.091+00:00"",""study_date"":""2026-09-18"",""rating"":1,""answer_result"":""incorrect"",""answer_text"":null,""previous_state"":1,""stability_days"":0.11279815,""difficulty"":8.80630447,""scheduled_days"":0},{""reviewed_at"":""2026-09-21T14:00:52.821+00:00"",""study_date"":""2026-09-21"",""rating"":1,""answer_result"":""incorrect"",""answer_text"":null,""previous_state"":1,""stability_days"":0.07136227,""difficulty"":9.59286876,""scheduled_days"":0},{""reviewed_at"":""2026-09-21T14:11:12.67+00:00"",""study_date"":""2026-09-21"",""rating"":3,""answer_result"":""mostly"",""answer_text"":""стыдно"",""previous_state"":1,""stability_days"":0.08920672,""difficulty"":9.57850426,""scheduled_days"":0},{""reviewed_at"":""2026-09-21T16:22:14.846+00:00"",""study_date"":""2026-09-21"",""rating"":3,""answer_result"":""correct"",""answer_text"":""стыдиться"",""previous_state"":1,""stability_days"":0.10988757,""difficulty"":9.56415413,""scheduled_days"":1}]",[]
ordly-material-v1,2026-09-22T08:53:56.717Z,word,40a889e7-ed83-47b6-bfa0-ef5cbdb82fa1,word,år,о,words/aar-5033e05b.mp3,год,"год [noun, et; cor]","[{""id"":""7c4f0e8e-141a-53bd-8efa-fde97a8a150b"",""pos"":""noun"",""note"":null,""text"":""год"",""gender"":""et"",""locked"":false,""source"":""cor"",""example"":null,""coverage"":{""produced"":0,""last_seen"":null,""recognized"":0},""created_at"":""2026-09-21T13:38:10.571Z"",""removed_at"":null,""example_translation"":null}]","год: recognized 0, produced 0, last seen never",noun,et,Jeg boede der i to år.,Я жил там два года.,new,0,false,år,2026-09-21T13:38:11.611945+00:00,2026-09-21T14:15:47.403676+00:00,,new,2026-09-21T13:38:11.611945+00:00,0,0,0,0,0,0,0,0,,0,0,0,0,0,0,0,0,,,0,0,0,0,0,0,0,,[],[]
ordly-material-v1,2026-09-22T08:53:56.717Z,word,78d34f20-be20-4f91-a3a0-bab47c78a3ac,word,ved,вил,words/ved-3d414230.mp3,"знать, около",знать [verb; ai] | около [preposition; ai],"[{""id"":""5dbe391f-78d4-4bf6-a89c-1d62af1ba019"",""pos"":""verb"",""note"":null,""text"":""знать"",""gender"":null,""source"":""ai"",""example"":null,""coverage"":{""produced"":0,""last_seen"":null,""recognized"":0},""created_at"":""2026-09-16T14:40:44Z"",""removed_at"":null,""example_translation"":null},{""id"":""193775bb-a895-4209-a1a7-ff5b40d93d62"",""pos"":""preposition"",""note"":null,""text"":""около"",""gender"":null,""source"":""ai"",""example"":null,""coverage"":{""produced"":0,""last_seen"":null,""recognized"":0},""created_at"":""2026-09-16T14:40:44Z"",""removed_at"":null,""example_translation"":null}]","знать: recognized 0, produced 0, last seen never | около: recognized 0, produced 0, last seen never",verb | preposition,,"Jeg ved, at du kommer i morgen.","Я знаю, что ты придёшь завтра.",learning,0,true,,2026-09-07T17:17:30.65929+00:00,2026-09-21T14:15:47.403676+00:00,95,growing,2026-10-05T10:26:51.718+00:00,2,23.88306328,1,2,0,0,3,23,2026-09-12T10:26:51.718+00:00,2,0,0,1,1,2,0,0,2026-09-09T15:05:12.578+00:00,2026-09-12T10:26:51.718+00:00,0,0,0,0,0,0,0,,"[{""reviewed_at"":""2026-09-09T15:05:12.578+00:00"",""study_date"":""2026-09-09"",""rating"":3,""answer_result"":""correct"",""answer_text"":""знать"",""previous_state"":0,""stability_days"":2.3065,""difficulty"":2.11810397,""scheduled_days"":0},{""reviewed_at"":""2026-09-12T10:26:51.718+00:00"",""study_date"":""2026-09-12"",""rating"":4,""answer_result"":""correct"",""answer_text"":""знать"",""previous_state"":1,""stability_days"":23.88306328,""difficulty"":1,""scheduled_days"":23}]",[]
ordly-material-v1,2026-09-22T08:53:56.717Z,word,936aa5fe-a959-4afe-8866-86adbab40dfe,word,sin,си́н,words/sin-7d14c04a.mp3,свой,свой [pronoun; ai],"[{""id"":""7b7ef04f-0a01-5794-a882-9fb404fae2ad"",""pos"":""pronoun"",""note"":null,""text"":""свой"",""gender"":null,""locked"":false,""source"":""ai"",""example"":null,""coverage"":{""produced"":0,""last_seen"":null,""recognized"":0},""created_at"":""2026-09-21T13:39:00.481Z"",""removed_at"":null,""example_translation"":null}]","свой: recognized 0, produced 0, last seen never",pronoun,,Han elsker sin familie.,Он любит свою семью.,new,0,false,sin,2026-09-21T13:39:01.462203+00:00,2026-09-21T14:15:47.403676+00:00,,new,2026-09-21T13:39:01.462203+00:00,0,0,0,0,0,0,0,0,,0,0,0,0,0,0,0,0,,,0,0,0,0,0,0,0,,[],[]
ordly-material-v1,2026-09-22T08:53:56.717Z,word,1ea76126-40d9-4ef2-97d2-f5be28d9058f,word,hun,ху́н,words/hun-431d5d8e.mp3,она,она [pronoun; ai],"[{""id"":""2a7bbdef-7804-53db-899f-1e969edfd3e0"",""pos"":""pronoun"",""note"":null,""text"":""она"",""gender"":null,""locked"":false,""source"":""ai"",""example"":null,""coverage"":{""produced"":0,""last_seen"":null,""recognized"":0},""created_at"":""2026-09-21T13:39:14.223Z"",""removed_at"":null,""example_translation"":null}]","она: recognized 0, produced 0, last seen never",pronoun,,Hun bor i Odense.,Она живёт в Оденсе.,new,0,false,hun,2026-09-21T13:39:15.070513+00:00,2026-09-21T14:15:47.403676+00:00,,new,2026-09-21T13:39:15.070513+00:00,0,0,0,0,0,0,0,0,,0,0,0,0,0,0,0,0,,,0,0,0,0,0,0,0,,[],[]
ordly-material-v1,2026-09-22T08:53:56.717Z,word,aec8f85d-01ba-4d84-804e-e3964533ac8b,word,ud,уд,words/ud-29b19304.mp3,наружу,наружу [adverb; ai],"[{""id"":""2445dcf8-df56-5cd8-a827-7fd028171159"",""pos"":""adverb"",""note"":null,""text"":""наружу"",""gender"":null,""locked"":false,""source"":""ai"",""example"":null,""coverage"":{""produced"":0,""last_seen"":null,""recognized"":0},""created_at"":""2026-09-21T13:39:20.150Z"",""removed_at"":null,""example_translation"":null}]","наружу: recognized 0, produced 0, last seen never",adverb,,Vi går ud i haven.,Мы выходим наружу в сад.,new,0,false,ud,2026-09-21T13:39:20.830204+00:00,2026-09-21T14:15:47.403676+00:00,,new,2026-09-21T13:39:20.830204+00:00,0,0,0,0,0,0,0,0,,0,0,0,0,0,0,0,0,,,0,0,0,0,0,0,0,,[],[]
ordly-material-v1,2026-09-22T08:53:56.717Z,word,892be2ed-bbf4-4f4d-814a-99a1d79d6438,word,efter,э́фдо,words/efter-e956940f.mp3,после,после [preposition; ai],"[{""id"":""d0de2ac2-0e9d-53ba-b6db-a3ce78192763"",""pos"":""preposition"",""note"":null,""text"":""после"",""gender"":null,""locked"":false,""source"":""ai"",""example"":null,""coverage"":{""produced"":0,""last_seen"":null,""recognized"":0},""created_at"":""2026-09-21T13:40:17.051Z"",""removed_at"":null,""example_translation"":null},{""id"":""a0246afe-7d5c-57db-86a6-8d0d0ef3e9e3"",""pos"":""preposition"",""note"":null,""text"":""за (вслед, в поисках)"",""gender"":null,""locked"":true,""source"":""ai"",""example"":""Hunden løb efter bolden."",""coverage"":{""produced"":0,""last_seen"":null,""recognized"":0},""created_at"":""2026-09-21T13:40:17.051Z"",""removed_at"":null,""example_translation"":""Собака побежала за мячом.""}]","после: recognized 0, produced 0, last seen never",preposition,,Vi spiser efter klokken syv.,Мы едим после семи часов.,new,0,false,efter,2026-09-21T13:40:18.816984+00:00,2026-09-21T14:15:47.403676+00:00,,new,2026-09-21T13:40:18.816984+00:00,0,0,0,0,0,0,0,0,,0,0,0,0,0,0,0,0,,,0,0,0,0,0,0,0,,[],[]
ordly-material-v1,2026-09-22T08:53:56.717Z,word,596b9496-7818-476f-a036-2ea7110999ec,word,ny,ню,words/ny-5baeaa63.mp3,новый,новый [adjective; ai],"[{""id"":""f89b98e0-6fbd-5323-b4ee-ceabaab99ca0"",""pos"":""adjective"",""note"":null,""text"":""новый"",""gender"":null,""locked"":false,""source"":""ai"",""example"":null,""coverage"":{""produced"":0,""last_seen"":null,""recognized"":0},""created_at"":""2026-09-21T13:40:24.552Z"",""removed_at"":null,""example_translation"":null}]","новый: recognized 0, produced 0, last seen never",adjective,,Jeg har en ny bil.,У меня новая машина.,new,0,false,ny,2026-09-21T13:40:25.332697+00:00,2026-09-21T14:15:47.403676+00:00,,new,2026-09-21T13:40:25.332697+00:00,0,0,0,0,0,0,0,0,,0,0,0,0,0,0,0,0,,,0,0,0,0,0,0,0,,[],[]
ordly-material-v1,2026-09-22T08:53:56.717Z,word,ecdd09b7-315c-42cb-8e4f-3c0731e9d1f8,word,nu,ну,words/nu-539e0278.mp3,сейчас,сейчас [adverb; ai],"[{""id"":""49239e18-c170-5e75-99bc-7af495e7b87e"",""pos"":""adverb"",""note"":null,""text"":""сейчас"",""gender"":null,""locked"":false,""source"":""ai"",""example"":null,""coverage"":{""produced"":0,""last_seen"":null,""recognized"":0},""created_at"":""2026-09-21T13:40:28.468Z"",""removed_at"":null,""example_translation"":null}]","сейчас: recognized 0, produced 0, last seen never",adverb,,Jeg spiser nu.,Я ем сейчас.,new,0,false,nu,2026-09-21T13:40:29.285129+00:00,2026-09-21T14:15:47.403676+00:00,,new,2026-09-21T13:40:29.285129+00:00,0,0,0,0,0,0,0,0,,0,0,0,0,0,0,0,0,,,0,0,0,0,0,0,0,,[],[]
ordly-material-v1,2026-09-22T08:53:56.717Z,word,2474049d-9a19-409c-8692-d1156856c555,word,gå,го,words/gaa-37fe04ed.mp3,"идти, ходить","идти, ходить [verb; ai]","[{""id"":""a79c5176-1026-5711-ad8f-397afe699ecc"",""pos"":""verb"",""note"":null,""text"":""идти, ходить"",""gender"":null,""locked"":false,""source"":""ai"",""example"":null,""coverage"":{""produced"":0,""last_seen"":null,""recognized"":0},""created_at"":""2026-09-21T13:40:37.265Z"",""removed_at"":null,""example_translation"":null}]","идти, ходить: recognized 0, produced 0, last seen never",verb,,Vi går i skole hver dag.,Мы ходим в школу каждый день.,new,0,false,gå,2026-09-21T13:40:38.084862+00:00,2026-09-21T14:15:47.403676+00:00,,new,2026-09-21T13:40:38.084862+00:00,0,0,0,0,0,0,0,0,,0,0,0,0,0,0,0,0,,,0,0,0,0,0,0,0,,[],[]
ordly-material-v1,2026-09-22T08:53:56.717Z,word,d2220dec-054b-49ac-b121-e57969bc3d8c,word,tage,та́,words/tage-c1ffd13d.mp3,брать,брать [verb; ai],"[{""id"":""03b7dabc-e933-498c-a0ba-c06348725796"",""pos"":""verb"",""note"":null,""text"":""брать"",""gender"":null,""source"":""ai"",""example"":null,""coverage"":{""produced"":0,""last_seen"":null,""recognized"":0},""created_at"":""2026-09-16T14:40:44Z"",""removed_at"":null,""example_translation"":null}]","брать: recognized 0, produced 0, last seen never",verb,,Jeg vil tage bussen.,Я хочу сесть в автобус.,learning,0,true,,2026-09-07T16:45:12.138663+00:00,2026-09-21T14:17:21.98491+00:00,100,strong,2026-11-05T14:17:21.883+00:00,2,46.28021494,2.1043314,3,0,0,11,45,2026-09-21T14:17:21.883+00:00,3,0,0,3,0,2,0,1,2026-09-08T13:53:42.804+00:00,2026-09-21T14:17:21.883+00:00,0,0,0,0,0,0,0,,"[{""reviewed_at"":""2026-09-08T13:53:42.804+00:00"",""study_date"":""2026-09-08"",""rating"":3,""answer_result"":""incorrect"",""answer_text"":""взять"",""previous_state"":0,""stability_days"":2.3065,""difficulty"":2.11810397,""scheduled_days"":0},{""reviewed_at"":""2026-09-10T10:02:00.338+00:00"",""study_date"":""2026-09-10"",""rating"":3,""answer_result"":""correct"",""answer_text"":""взять"",""previous_state"":1,""stability_days"":10.96433194,""difficulty"":2.11121424,""scheduled_days"":11},{""reviewed_at"":""2026-09-21T14:17:21.883+00:00"",""study_date"":""2026-09-21"",""rating"":3,""answer_result"":""correct"",""answer_text"":""взять, брать"",""previous_state"":2,""stability_days"":46.28021494,""difficulty"":2.1043314,""scheduled_days"":45}]",[]
ordly-material-v1,2026-09-22T08:53:56.717Z,word,585551ca-c45c-4e87-a527-9449c2ca916d,word,gøre,гё́эа,words/goere-f458d284.mp3,"делать, совершать","делать, совершать [verb; ai]","[{""id"":""1d4a0662-9e79-51a4-ab6d-865de2de2398"",""pos"":""verb"",""note"":null,""text"":""делать, совершать"",""gender"":null,""locked"":false,""source"":""ai"",""example"":null,""coverage"":{""produced"":0,""last_seen"":null,""recognized"":0},""created_at"":""2026-09-21T13:40:45.183Z"",""removed_at"":null,""example_translation"":null},{""id"":""95bfa9d5-c9aa-5109-bba7-9935aff138c4"",""pos"":""verb"",""note"":null,""text"":""поступать, действовать"",""gender"":null,""locked"":true,""source"":""ai"",""example"":""Du gjorde det rigtige."",""coverage"":{""produced"":0,""last_seen"":null,""recognized"":0},""created_at"":""2026-09-21T13:40:45.183Z"",""removed_at"":null,""example_translation"":""Ты поступил правильно.""}]","делать, совершать: recognized 0, produced 0, last seen never",verb,,Jeg vil gøre det i morgen.,Я сделаю это завтра.,new,0,false,gøre,2026-09-21T13:40:46.203771+00:00,2026-09-21T14:15:47.403676+00:00,,new,2026-09-21T13:40:46.203771+00:00,0,0,0,0,0,0,0,0,,0,0,0,0,0,0,0,0,,,0,0,0,0,0,0,0,,[],[]
ordly-material-v1,2026-09-22T08:53:56.717Z,word,f80f5a2a-e804-4669-a05b-2e95956c5668,word,se,сэ,words/se-00762ccf.mp3,"видеть, смотреть","видеть, смотреть [verb; ai]","[{""id"":""967a4518-6eb8-51f0-a6c9-83290c71bc29"",""pos"":""verb"",""note"":null,""text"":""видеть, смотреть"",""gender"":null,""locked"":false,""source"":""ai"",""example"":null,""coverage"":{""produced"":0,""last_seen"":null,""recognized"":0},""created_at"":""2026-09-21T13:40:51.531Z"",""removed_at"":null,""example_translation"":null}]","видеть, смотреть: recognized 0, produced 0, last seen never",verb,,Jeg kan se dig.,Я вижу тебя.,new,0,false,se,2026-09-21T13:40:52.404019+00:00,2026-09-21T14:15:47.403676+00:00,,new,2026-09-21T13:40:52.404019+00:00,0,0,0,0,0,0,0,0,,0,0,0,0,0,0,0,0,,,0,0,0,0,0,0,0,,[],[]
ordly-material-v1,2026-09-22T08:53:56.717Z,word,1396eb16-e887-4a51-a7b9-682beeaddfb9,word,dansk,да́нск,words/dansk-23685cc7.mp3,датский,датский [adjective; ai],"[{""id"":""a3aa8909-39c4-5916-ada6-c85f613c9ba4"",""pos"":""adjective"",""note"":null,""text"":""датский"",""gender"":null,""locked"":false,""source"":""ai"",""example"":null,""coverage"":{""produced"":0,""last_seen"":null,""recognized"":0},""created_at"":""2026-09-21T13:40:57.895Z"",""removed_at"":null,""example_translation"":null},{""id"":""c02be616-0f73-529e-a3b2-c642ace2f5d9"",""pos"":""noun"",""note"":null,""text"":""датский язык"",""gender"":null,""locked"":true,""source"":""ai"",""example"":""Jeg lærer dansk hver dag."",""coverage"":{""produced"":0,""last_seen"":null,""recognized"":0},""created_at"":""2026-09-21T13:40:57.895Z"",""removed_at"":null,""example_translation"":""Я учу датский каждый день.""}]","датский: recognized 0, produced 0, last seen never",adjective,,Hun har en dansk ven.,У неё есть датский друг.,new,0,false,dansk,2026-09-21T13:40:58.812037+00:00,2026-09-21T14:15:47.403676+00:00,,new,2026-09-21T13:40:58.812037+00:00,0,0,0,0,0,0,0,0,,0,0,0,0,0,0,0,0,,,0,0,0,0,0,0,0,,[],[]
ordly-material-v1,2026-09-22T08:53:56.717Z,word,24657f1a-55e7-4467-b261-ccad2c351484,word,over,о́во,words/over-f0fed7e4.mp3,над,над [preposition; ai],"[{""id"":""e35f8447-10b0-508f-bb15-fd34d6247ffd"",""pos"":""preposition"",""note"":null,""text"":""над"",""gender"":null,""locked"":false,""source"":""ai"",""example"":null,""coverage"":{""produced"":0,""last_seen"":null,""recognized"":0},""created_at"":""2026-09-21T13:41:04.834Z"",""removed_at"":null,""example_translation"":null},{""id"":""08c44b6c-4375-5ec1-80e3-d809849a4956"",""pos"":""preposition"",""note"":null,""text"":""через, по ту сторону"",""gender"":null,""locked"":true,""source"":""ai"",""example"":""Vi går over broen."",""coverage"":{""produced"":0,""last_seen"":null,""recognized"":0},""created_at"":""2026-09-21T13:41:04.834Z"",""removed_at"":null,""example_translation"":""Мы идём через мост.""},{""id"":""d32105da-f5e8-59ab-902a-81e9277f3c55"",""pos"":""preposition"",""note"":null,""text"":""свыше, больше чем"",""gender"":null,""locked"":true,""source"":""ai"",""example"":""Der bor over hundrede mennesker her."",""coverage"":{""produced"":0,""last_seen"":null,""recognized"":0},""created_at"":""2026-09-21T13:41:04.834Z"",""removed_at"":null,""example_translation"":""Здесь живёт больше ста человек.""}]","над: recognized 0, produced 0, last seen never",preposition,,Lampen hænger over bordet.,Лампа висит над столом.,new,0,false,over,2026-09-21T13:41:05.678461+00:00,2026-09-21T14:15:47.403676+00:00,,new,2026-09-21T13:41:05.678461+00:00,0,0,0,0,0,0,0,0,,0,0,0,0,0,0,0,0,,,0,0,0,0,0,0,0,,[],[]
ordly-material-v1,2026-09-22T08:53:56.717Z,word,1b004b64-6088-4005-979f-5d4bc3aa6dc6,word,op,об,words/op-824f601c.mp3,вверх,вверх [adverb; ai],"[{""id"":""63ef2ad5-55bf-555d-b374-7f798a798f18"",""pos"":""adverb"",""note"":null,""text"":""вверх"",""gender"":null,""locked"":false,""source"":""ai"",""example"":null,""coverage"":{""produced"":0,""last_seen"":null,""recognized"":0},""created_at"":""2026-09-21T13:41:11.043Z"",""removed_at"":null,""example_translation"":null}]","вверх: recognized 0, produced 0, last seen never",adverb,,Han går op ad trappen.,Он поднимается вверх по лестнице.,new,0,false,op,2026-09-21T13:41:12.156823+00:00,2026-09-21T14:15:47.403676+00:00,,new,2026-09-21T13:41:12.156823+00:00,0,0,0,0,0,0,0,0,,0,0,0,0,0,0,0,0,,,0,0,0,0,0,0,0,,[],[]
ordly-material-v1,2026-09-22T08:53:56.717Z,word,d92441c1-c39b-4ca8-a520-adf8b1c2e1b4,word,også,ос,words/ogsaa-031738c5.mp3,"тоже, также","тоже, также [adverb; ai]","[{""id"":""4ce09e8a-5b40-5ae0-b934-46fc83f2a9ff"",""pos"":""adverb"",""note"":null,""text"":""тоже, также"",""gender"":null,""locked"":false,""source"":""ai"",""example"":null,""coverage"":{""produced"":0,""last_seen"":null,""recognized"":0},""created_at"":""2026-09-21T13:38:19.116Z"",""removed_at"":null,""example_translation"":null}]","тоже, также: recognized 0, produced 0, last seen never",adverb,,Jeg kommer også.,Я тоже приду.,new,0,false,også,2026-09-21T13:38:19.961779+00:00,2026-09-21T14:15:47.403676+00:00,,new,2026-09-21T13:38:19.961779+00:00,0,0,0,0,0,0,0,0,,0,0,0,0,0,0,0,0,,,0,0,0,0,0,0,0,,[],[]
ordly-material-v1,2026-09-22T08:53:56.717Z,word,07437c51-2c3c-4ddd-b8ed-93dbf7e14d79,word,god,го,words/god-21298df8.mp3,хороший,хороший [adjective; ai],"[{""id"":""b126fc47-c1b3-5954-98e6-491dd6d5717d"",""pos"":""adjective"",""note"":null,""text"":""хороший"",""gender"":null,""locked"":false,""source"":""ai"",""example"":null,""coverage"":{""produced"":0,""last_seen"":null,""recognized"":0},""created_at"":""2026-09-21T13:38:39.134Z"",""removed_at"":null,""example_translation"":null}]","хороший: recognized 0, produced 0, last seen never",adjective,,Det er en god idé.,Это хорошая идея.,new,0,false,god,2026-09-21T13:38:40.046622+00:00,2026-09-21T14:15:47.403676+00:00,,new,2026-09-21T13:38:40.046622+00:00,0,0,0,0,0,0,0,0,,0,0,0,0,0,0,0,0,,,0,0,0,0,0,0,0,,[],[]
ordly-material-v1,2026-09-22T08:53:56.717Z,word,f96a49cd-2392-4f72-af75-26943495830d,word,stor,сдо́а,words/stor-24c5405a.mp3,большой,большой [adjective; ai],"[{""id"":""e5b5d2d0-5993-5f52-8f5d-adc9dd63f12e"",""pos"":""adjective"",""note"":null,""text"":""большой"",""gender"":null,""locked"":false,""source"":""ai"",""example"":null,""coverage"":{""produced"":0,""last_seen"":null,""recognized"":0},""created_at"":""2026-09-21T13:38:44.141Z"",""removed_at"":null,""example_translation"":null}]","большой: recognized 0, produced 0, last seen never",adjective,,Det er et stort hus.,Это большой дом.,new,0,false,stor,2026-09-21T13:38:44.968446+00:00,2026-09-21T14:15:47.403676+00:00,,new,2026-09-21T13:38:44.968446+00:00,0,0,0,0,0,0,0,0,,0,0,0,0,0,0,0,0,,,0,0,0,0,0,0,0,,[],[]
ordly-material-v1,2026-09-22T08:53:56.717Z,word,11b78950-c803-46dd-9921-ceed7759c267,word,hvor,во,words/hvor-171026bb.mp3,где,где [adverb; ai],"[{""id"":""2a49ef09-110a-5605-a40a-0d4a3cd4d7e0"",""pos"":""adverb"",""note"":null,""text"":""где"",""gender"":null,""locked"":false,""source"":""ai"",""example"":null,""coverage"":{""produced"":0,""last_seen"":null,""recognized"":0},""created_at"":""2026-09-21T13:38:25.542Z"",""removed_at"":null,""example_translation"":null},{""id"":""6b6a13d8-2be7-5917-a3e7-315f132da16e"",""pos"":""adverb"",""note"":null,""text"":""как (для усиления в восклицаниях)"",""gender"":null,""locked"":true,""source"":""ai"",""example"":""Hvor er det dejligt!"",""coverage"":{""produced"":0,""last_seen"":null,""recognized"":0},""created_at"":""2026-09-21T13:38:25.542Z"",""removed_at"":null,""example_translation"":""Как это прекрасно!""}]","где: recognized 0, produced 0, last seen never",adverb,,Hvor bor du?,Где ты живёшь?,new,0,false,hvor,2026-09-21T13:38:26.310257+00:00,2026-09-21T14:15:47.403676+00:00,,new,2026-09-21T13:38:26.310257+00:00,0,0,0,0,0,0,0,0,,0,0,0,0,0,0,0,0,,,0,0,0,0,0,0,0,,[],[]
ordly-material-v1,2026-09-22T08:53:56.717Z,word,8b2747e4-0027-4e71-a364-a6e02cd7b1c0,word,komme,ко́мэ,words/komme-aecf183c.mp3,"приходить, приезжать","приходить, приезжать [verb; ai]","[{""id"":""197afe4a-2fe2-54a3-b144-3cf2cfaaa55c"",""pos"":""verb"",""note"":null,""text"":""приходить, приезжать"",""gender"":null,""locked"":false,""source"":""ai"",""example"":null,""coverage"":{""produced"":0,""last_seen"":null,""recognized"":0},""created_at"":""2026-09-21T13:39:08.635Z"",""removed_at"":null,""example_translation"":null}]","приходить, приезжать: recognized 0, produced 0, last seen never",verb,,Han kommer klokken syv.,Он придёт в семь часов.,new,0,false,komme,2026-09-21T13:39:09.393512+00:00,2026-09-21T14:15:47.403676+00:00,,new,2026-09-21T13:39:09.393512+00:00,0,0,0,0,0,0,0,0,,0,0,0,0,0,0,0,0,,,0,0,0,0,0,0,0,,[],[]
ordly-material-v1,2026-09-22T08:53:56.717Z,word,9d2a1f8c-7812-441c-bc11-e632694ae901,word,denne,дэ́нэ,words/denne-7626eae0.mp3,"этот, эта","этот, эта [pronoun; ai]","[{""id"":""604a82ac-dab2-5296-a33e-d32db181dc3b"",""pos"":""pronoun"",""note"":null,""text"":""этот, эта"",""gender"":null,""locked"":false,""source"":""ai"",""example"":null,""coverage"":{""produced"":0,""last_seen"":null,""recognized"":0},""created_at"":""2026-09-21T13:41:17.175Z"",""removed_at"":null,""example_translation"":null}]","этот, эта: recognized 0, produced 0, last seen never",pronoun,,Denne bog er god.,Эта книга хорошая.,new,0,false,denne,2026-09-21T13:41:19.808818+00:00,2026-09-21T14:15:47.403676+00:00,,new,2026-09-21T13:41:19.808818+00:00,0,0,0,0,0,0,0,0,,0,0,0,0,0,0,0,0,,,0,0,0,0,0,0,0,,[],[]
ordly-material-v1,2026-09-22T08:53:56.717Z,word,8ed5427c-22c9-4e0f-8875-8476a061a04e,word,mangen,ма́нгэн,words/mangen-d2c8a6af.mp3,"многие, не один","многие, не один [adjective; ai]","[{""id"":""d79d0c98-29bd-5d92-ae1b-481efd56fb11"",""pos"":""adjective"",""note"":null,""text"":""многие, не один"",""gender"":null,""locked"":false,""source"":""ai"",""example"":null,""coverage"":{""produced"":0,""last_seen"":null,""recognized"":0},""created_at"":""2026-09-21T13:41:26.001Z"",""removed_at"":null,""example_translation"":null}]","многие, не один: recognized 0, produced 0, last seen never",adjective,,Mangen en dag har hun ventet.,Многие дни она ждала.,new,0,false,mangen,2026-09-21T13:41:27.106771+00:00,2026-09-21T14:15:47.403676+00:00,,new,2026-09-21T13:41:27.106771+00:00,0,0,0,0,0,0,0,0,,0,0,0,0,0,0,0,0,,,0,0,0,0,0,0,0,,[],[]
ordly-material-v1,2026-09-22T08:53:56.717Z,word,063dc356-503a-425a-8e0e-fb22bb90098f,word,gang,гэн,words/gang-6465ec48.mp3,"шаг, раз","шаг [noun, en; ai] | раз [noun, en; ai]","[{""id"":""0c580947-eb7f-4195-bed8-2305a57a7031"",""pos"":""noun"",""note"":null,""text"":""шаг"",""gender"":""en"",""source"":""ai"",""example"":null,""coverage"":{""produced"":0,""last_seen"":null,""recognized"":0},""created_at"":""2026-09-16T14:40:44Z"",""removed_at"":null,""example_translation"":null},{""id"":""f592e332-b70a-4eba-9b1e-34d83cb13ee0"",""pos"":""noun"",""note"":null,""text"":""раз"",""gender"":""en"",""source"":""ai"",""example"":null,""coverage"":{""produced"":0,""last_seen"":""2026-09-17T21:09:38.255Z"",""recognized"":2},""created_at"":""2026-09-16T14:40:44Z"",""removed_at"":null,""example_translation"":null}]","шаг: recognized 0, produced 0, last seen never | раз: recognized 2, produced 0, last seen 2026-09-17T21:09:38.255Z",noun,en,Jeg går en gang om dagen.,Я гуляю один раз в день.,learning,0,true,,2026-09-15T15:48:24.637189+00:00,2026-09-21T14:15:47.403676+00:00,94,growing,2026-09-23T21:09:38.198+00:00,2,7.31530068,2.11121424,2,0,0,1,6,2026-09-17T21:09:38.198+00:00,2,0,0,2,0,2,0,0,2026-09-16T17:51:24.065+00:00,2026-09-17T21:09:38.198+00:00,0,0,0,0,0,0,0,,"[{""reviewed_at"":""2026-09-16T17:51:24.065+00:00"",""study_date"":""2026-09-16"",""rating"":3,""answer_result"":""correct"",""answer_text"":""раз"",""previous_state"":0,""stability_days"":2.3065,""difficulty"":2.11810397,""scheduled_days"":0},{""reviewed_at"":""2026-09-17T21:09:38.198+00:00"",""study_date"":""2026-09-17"",""rating"":3,""answer_result"":""correct"",""answer_text"":""раз"",""previous_state"":1,""stability_days"":7.31530068,""difficulty"":2.11121424,""scheduled_days"":6}]",[]
ordly-material-v1,2026-09-22T08:53:56.717Z,word,3017e567-d41f-4b3d-9f8b-9bcb4292128f,word,tid,тиль,words/tid-f34b4213.mp3,время,"время [noun, en; ai]","[{""id"":""be22b73d-d0ee-462d-9451-1793e993dd22"",""pos"":""noun"",""note"":null,""text"":""время"",""gender"":""en"",""source"":""ai"",""example"":null,""coverage"":{""produced"":0,""last_seen"":""2026-09-21T14:05:38.678Z"",""recognized"":2},""created_at"":""2026-09-16T14:40:44Z"",""removed_at"":null,""example_translation"":null}]","время: recognized 2, produced 0, last seen 2026-09-21T14:05:38.678Z",noun,en,Jeg har ikke tid.,У меня нет времени.,learning,0,true,,2026-09-15T16:30:42.397876+00:00,2026-09-21T14:15:47.403676+00:00,100,growing,2026-10-04T14:05:38.557+00:00,2,13.69738476,5.18509795,3,0,0,3,13,2026-09-21T14:05:38.557+00:00,3,1,0,1,1,2,0,1,2026-09-16T20:31:04.621+00:00,2026-09-21T14:05:38.557+00:00,0,0,0,0,0,0,0,,"[{""reviewed_at"":""2026-09-16T20:31:04.621+00:00"",""study_date"":""2026-09-16"",""rating"":1,""answer_result"":""incorrect"",""answer_text"":""к"",""previous_state"":0,""stability_days"":0.212,""difficulty"":6.4133,""scheduled_days"":0},{""reviewed_at"":""2026-09-18T06:55:41.193+00:00"",""study_date"":""2026-09-18"",""rating"":3,""answer_result"":""correct"",""answer_text"":""время"",""previous_state"":1,""stability_days"":2.4329485,""difficulty"":6.40211507,""scheduled_days"":0},{""reviewed_at"":""2026-09-21T14:05:38.557+00:00"",""study_date"":""2026-09-21"",""rating"":4,""answer_result"":""correct"",""answer_text"":""время"",""previous_state"":1,""stability_days"":13.69738476,""difficulty"":5.18509795,""scheduled_days"":13}]",[]
ordly-material-v1,2026-09-22T08:53:56.717Z,word,b97e1443-9d3e-4a68-9586-d3789b97e9f4,word,selv,сэль,words/selv-2b761323.mp3,сам,сам [pronoun; ai],"[{""id"":""5a0c4974-c272-47b3-9707-174d21fee22b"",""pos"":""pronoun"",""note"":null,""text"":""сам"",""gender"":null,""source"":""ai"",""example"":null,""coverage"":{""produced"":0,""last_seen"":null,""recognized"":0},""created_at"":""2026-09-16T14:40:44Z"",""removed_at"":null,""example_translation"":null}]","сам: recognized 0, produced 0, last seen never",pronoun,,Jeg kan lave dem selv,Я могу сделать это сам,learning,0,true,,2026-09-04T16:11:34.775926+00:00,2026-09-21T14:15:47.403676+00:00,96,growing,2026-10-02T14:04:21.514+00:00,2,20.12682897,6.36862734,5,0,0,8,17,2026-09-15T14:04:21.514+00:00,5,1,0,4,0,4,1,0,2026-09-04T20:27:58.95+00:00,2026-09-15T14:04:21.514+00:00,0,0,0,0,0,0,0,,"[{""reviewed_at"":""2026-09-04T20:27:58.95+00:00"",""study_date"":""2026-09-04"",""rating"":1,""answer_result"":""mostly"",""answer_text"":""себя"",""previous_state"":0,""stability_days"":0.212,""difficulty"":6.4133,""scheduled_days"":0},{""reviewed_at"":""2026-09-04T20:34:27.403+00:00"",""study_date"":""2026-09-04"",""rating"":3,""answer_result"":""correct"",""answer_text"":""Сам"",""previous_state"":1,""stability_days"":0.24668919,""difficulty"":6.40211507,""scheduled_days"":0},{""reviewed_at"":""2026-09-05T11:53:25.462+00:00"",""study_date"":""2026-09-05"",""rating"":3,""answer_result"":""correct"",""answer_text"":""сам"",""previous_state"":1,""stability_days"":2.02147724,""difficulty"":6.39094132,""scheduled_days"":2},{""reviewed_at"":""2026-09-07T14:38:36.784+00:00"",""study_date"":""2026-09-07"",""rating"":3,""answer_result"":""correct"",""answer_text"":""selv"",""previous_state"":2,""stability_days"":6.4518051,""difficulty"":6.37977875,""scheduled_days"":7},{""reviewed_at"":""2026-09-15T14:04:21.514+00:00"",""study_date"":""2026-09-15"",""rating"":3,""answer_result"":""correct"",""answer_text"":""selv"",""previous_state"":2,""stability_days"":20.12682897,""difficulty"":6.36862734,""scheduled_days"":17}]",[]
ordly-material-v1,2026-09-22T08:53:56.717Z,word,34600ae8-02a5-41ab-a975-6295efa8b07e,word,fordi,фу́ди,words/fordi-92b2b621.mp3,потому что,потому что [conjunction; ai],"[{""id"":""b9735683-2329-4c9b-9965-397219706a0e"",""pos"":""conjunction"",""note"":null,""text"":""потому что"",""gender"":null,""source"":""ai"",""example"":null,""coverage"":{""produced"":0,""last_seen"":null,""recognized"":0},""created_at"":""2026-09-16T14:40:44Z"",""removed_at"":null,""example_translation"":null}]","потому что: recognized 0, produced 0, last seen never",conjunction,,"Jeg går i skole, fordi jeg vil lære.","Я хожу в школу, потому что хочу учиться.",learning,0,true,,2026-09-04T16:16:44.302769+00:00,2026-09-21T14:15:47.403676+00:00,98,strong,2026-10-28T14:00:53.108+00:00,2,38.50101845,2.1043314,3,0,0,10,43,2026-09-15T14:00:53.108+00:00,3,0,0,3,0,3,0,0,2026-09-04T20:29:55.234+00:00,2026-09-15T14:00:53.108+00:00,1,1,0,0,0,1,0,2026-09-15T14:00:53.108Z,"[{""reviewed_at"":""2026-09-04T20:29:55.234+00:00"",""study_date"":""2026-09-04"",""rating"":3,""answer_result"":""correct"",""answer_text"":""потому что"",""previous_state"":0,""stability_days"":2.3065,""difficulty"":2.11810397,""scheduled_days"":0},{""reviewed_at"":""2026-09-05T11:51:34.414+00:00"",""study_date"":""2026-09-05"",""rating"":3,""answer_result"":""correct"",""answer_text"":""потому что"",""previous_state"":1,""stability_days"":7.31530068,""difficulty"":2.11121424,""scheduled_days"":8},{""reviewed_at"":""2026-09-15T14:00:53.108+00:00"",""study_date"":""2026-09-15"",""rating"":3,""answer_result"":""correct"",""answer_text"":null,""previous_state"":2,""stability_days"":38.50101845,""difficulty"":2.1043314,""scheduled_days"":43}]","[{""at"":""2026-09-15T14:00:53.108Z"",""kind"":""recall"",""objective"":""meaning"",""result"":""correct"",""rating"":3,""assistance"":""none"",""modality"":""typed"",""response_ms"":3221,""replays"":0}]"
ordly-material-v1,2026-09-22T08:53:56.717Z,word,d1287484-a2cc-4931-8bf1-5d6a04afad89,word,sammen,са́мен,words/sammen-8985f763.mp3,вместе,вместе [adverb; ai],"[{""id"":""03b491fc-b9f8-41c2-9065-0623177f2706"",""pos"":""adverb"",""note"":null,""text"":""вместе"",""gender"":null,""source"":""ai"",""example"":null,""coverage"":{""produced"":0,""last_seen"":null,""recognized"":0},""created_at"":""2026-09-16T14:40:44Z"",""removed_at"":null,""example_translation"":null}]","вместе: recognized 0, produced 0, last seen never",adverb,,Vi går sammen til skole.,Мы идём вместе в школу.,learning,0,true,,2026-09-04T16:16:26.285249+00:00,2026-09-21T14:15:47.403676+00:00,98,strong,2026-10-27T14:00:47.897+00:00,2,38.50101845,2.1043314,3,0,0,10,42,2026-09-15T14:00:47.897+00:00,3,0,0,3,0,3,0,0,2026-09-04T20:29:28.182+00:00,2026-09-15T14:00:47.897+00:00,1,1,0,0,0,1,0,2026-09-15T14:00:47.897Z,"[{""reviewed_at"":""2026-09-04T20:29:28.182+00:00"",""study_date"":""2026-09-04"",""rating"":3,""answer_result"":""correct"",""answer_text"":""вместе"",""previous_state"":0,""stability_days"":2.3065,""difficulty"":2.11810397,""scheduled_days"":0},{""reviewed_at"":""2026-09-05T11:51:10.073+00:00"",""study_date"":""2026-09-05"",""rating"":3,""answer_result"":""correct"",""answer_text"":""вместе"",""previous_state"":1,""stability_days"":7.31530068,""difficulty"":2.11121424,""scheduled_days"":8},{""reviewed_at"":""2026-09-15T14:00:47.897+00:00"",""study_date"":""2026-09-15"",""rating"":3,""answer_result"":""correct"",""answer_text"":null,""previous_state"":2,""stability_days"":38.50101845,""difficulty"":2.1043314,""scheduled_days"":42}]","[{""at"":""2026-09-15T14:00:47.897Z"",""kind"":""recall"",""objective"":""meaning"",""result"":""correct"",""rating"":3,""assistance"":""none"",""modality"":""typed"",""response_ms"":2303.000000000058,""replays"":0}]"
ordly-material-v1,2026-09-22T08:53:56.717Z,word,5c66b5a3-ab22-44d7-9f4d-3f74d74c818c,word,sidste,си́сдэ,words/sidste-1feeed4c.mp3,последний,последний [adjective; ai],"[{""id"":""8df2e249-ea4a-44ee-9748-e40dfccb4d9e"",""pos"":""adjective"",""note"":null,""text"":""последний"",""gender"":null,""source"":""ai"",""example"":null,""coverage"":{""produced"":0,""last_seen"":null,""recognized"":0},""created_at"":""2026-09-16T14:40:44Z"",""removed_at"":null,""example_translation"":null}]","последний: recognized 0, produced 0, last seen never",adjective,,Det er min sidste bog.,Это моя последняя книга.,learning,0,true,,2026-09-07T17:35:04.252759+00:00,2026-09-21T14:15:47.403676+00:00,100,fragile,2026-09-23T14:09:22.35+00:00,2,0.67513719,9.89739659,9,1,0,4,2,2026-09-21T14:09:22.35+00:00,9,5,0,4,0,3,1,5,2026-09-10T08:02:34.451+00:00,2026-09-21T14:09:22.35+00:00,1,1,0,0,0,1,0,2026-09-15T13:56:16.873Z,"[{""reviewed_at"":""2026-09-10T08:02:34.451+00:00"",""study_date"":""2026-09-10"",""rating"":1,""answer_result"":""incorrect"",""answer_text"":null,""previous_state"":0,""stability_days"":0.212,""difficulty"":6.4133,""scheduled_days"":0},{""reviewed_at"":""2026-09-10T08:06:52.515+00:00"",""study_date"":""2026-09-10"",""rating"":1,""answer_result"":""incorrect"",""answer_text"":null,""previous_state"":1,""stability_days"":0.08335672,""difficulty"":8.80630447,""scheduled_days"":0},{""reviewed_at"":""2026-09-12T10:28:01.916+00:00"",""study_date"":""2026-09-12"",""rating"":1,""answer_result"":""incorrect"",""answer_text"":null,""previous_state"":1,""stability_days"":0.05246409,""difficulty"":9.59286876,""scheduled_days"":0},{""reviewed_at"":""2026-09-12T10:32:18.959+00:00"",""study_date"":""2026-09-12"",""rating"":1,""answer_result"":""incorrect"",""answer_text"":null,""previous_state"":1,""stability_days"":0.02261376,""difficulty"":9.85140709,""scheduled_days"":0},{""reviewed_at"":""2026-09-12T10:32:33.661+00:00"",""study_date"":""2026-09-12"",""rating"":3,""answer_result"":""correct"",""answer_text"":""последний"",""previous_state"":1,""stability_days"":0.03048893,""difficulty"":9.83678405,""scheduled_days"":0},{""reviewed_at"":""2026-09-15T13:56:16.873+00:00"",""study_date"":""2026-09-15"",""rating"":3,""answer_result"":""correct"",""answer_text"":null,""previous_state"":1,""stability_days"":0.23530703,""difficulty"":9.82217564,""scheduled_days"":1},{""reviewed_at"":""2026-09-17T21:03:07.166+00:00"",""study_date"":""2026-09-17"",""rating"":1,""answer_result"":""incorrect"",""answer_text"":""sttøte"",""previous_state"":2,""stability_days"":0.11906508,""difficulty"":9.92677871,""scheduled_days"":0},{""reviewed_at"":""2026-09-17T21:09:00.527+00:00"",""study_date"":""2026-09-17"",""rating"":3,""answer_result"":""correct"",""answer_text"":""sidste"",""previous_state"":3,""stability_days"":0.143908,""difficulty"":9.9120803,""scheduled_days"":1},{""reviewed_at"":""2026-09-21T14:09:22.35+00:00"",""study_date"":""2026-09-21"",""rating"":3,""answer_result"":""mostly"",""answer_text"":""sidst"",""previous_state"":2,""stability_days"":0.67513719,""difficulty"":9.89739659,""scheduled_days"":2}]","[{""at"":""2026-09-15T13:56:16.873Z"",""kind"":""recall"",""objective"":""meaning"",""result"":""correct"",""rating"":3,""assistance"":""none"",""modality"":""typed"",""response_ms"":13896,""replays"":0}]"
ordly-material-v1,2026-09-22T08:53:56.717Z,word,f4d26580-a030-4893-a410-8bbcb35e36e5,word,bruge,бру́э,words/bruge-9aa1e6fa.mp3,использовать,использовать [verb; ai],"[{""id"":""548d52c6-5ddf-4c7b-aa29-71a602135fd2"",""pos"":""verb"",""note"":null,""text"":""использовать"",""gender"":null,""source"":""ai"",""example"":null,""coverage"":{""produced"":0,""last_seen"":null,""recognized"":0},""created_at"":""2026-09-16T14:40:44Z"",""removed_at"":null,""example_translation"":null}]","использовать: recognized 0, produced 0, last seen never",verb,,Jeg kan bruge computeren.,Я могу использовать компьютер.,learning,0,true,,2026-09-07T16:43:29.221515+00:00,2026-09-21T14:15:47.403676+00:00,100,growing,2026-10-11T14:13:54.471+00:00,2,21.87782376,6.37977875,4,0,0,9,20,2026-09-21T14:13:54.471+00:00,4,1,0,3,0,3,0,1,2026-09-08T13:53:28.688+00:00,2026-09-21T14:13:54.471+00:00,0,0,0,0,0,0,0,,"[{""reviewed_at"":""2026-09-08T13:53:28.688+00:00"",""study_date"":""2026-09-08"",""rating"":1,""answer_result"":""incorrect"",""answer_text"":null,""previous_state"":0,""stability_days"":0.212,""difficulty"":6.4133,""scheduled_days"":0},{""reviewed_at"":""2026-09-10T08:13:49.219+00:00"",""study_date"":""2026-09-10"",""rating"":3,""answer_result"":""correct"",""answer_text"":""использовать"",""previous_state"":1,""stability_days"":2.4329485,""difficulty"":6.40211507,""scheduled_days"":0},{""reviewed_at"":""2026-09-12T10:29:27.605+00:00"",""study_date"":""2026-09-12"",""rating"":3,""answer_result"":""correct"",""answer_text"":""использовать"",""previous_state"":1,""stability_days"":6.93671358,""difficulty"":6.39094132,""scheduled_days"":8},{""reviewed_at"":""2026-09-21T14:13:54.471+00:00"",""study_date"":""2026-09-21"",""rating"":3,""answer_result"":""correct"",""answer_text"":""bruge"",""previous_state"":2,""stability_days"":21.87782376,""difficulty"":6.37977875,""scheduled_days"":20}]",[]
ordly-material-v1,2026-09-22T08:53:56.717Z,word,da0c4648-c899-4382-9cc3-48b251889a34,word,hver,веар,words/hver-82bfdb21.mp3,каждый,каждый [pronoun; ai],"[{""id"":""8f7f41f5-8ad7-40a5-af96-d2f2a07b096a"",""pos"":""pronoun"",""note"":null,""text"":""каждый"",""gender"":null,""source"":""ai"",""example"":null,""coverage"":{""produced"":0,""last_seen"":""2026-09-17T21:07:57.508Z"",""recognized"":1},""created_at"":""2026-09-16T14:40:44Z"",""removed_at"":null,""example_translation"":null}]","каждый: recognized 1, produced 0, last seen 2026-09-17T21:07:57.508Z",pronoun,,Hver dag er en ny dag.,Каждый день - новый день.,learning,0,true,,2026-09-02T17:38:38.22144+00:00,2026-09-21T14:15:47.403676+00:00,100,building,2026-09-24T14:13:29.563+00:00,2,2.67861954,9.86096961,11,2,0,4,3,2026-09-21T14:13:29.563+00:00,11,3,3,5,0,6,0,4,2026-09-03T07:13:41.278+00:00,2026-09-21T14:13:29.563+00:00,1,0,0,0,1,1,0,2026-09-15T13:56:46.417Z,"[{""reviewed_at"":""2026-09-03T07:13:41.278+00:00"",""study_date"":""2026-09-03"",""rating"":3,""answer_result"":""correct"",""answer_text"":""каждый"",""previous_state"":0,""stability_days"":2.3065,""difficulty"":2.11810397,""scheduled_days"":0},{""reviewed_at"":""2026-09-03T09:43:25.754+00:00"",""study_date"":""2026-09-03"",""rating"":3,""answer_result"":""correct"",""answer_text"":""каждый"",""previous_state"":1,""stability_days"":2.3065,""difficulty"":2.11121424,""scheduled_days"":2},{""reviewed_at"":""2026-09-05T11:56:44.828+00:00"",""study_date"":""2026-09-05"",""rating"":1,""answer_result"":""incorrect"",""answer_text"":""как"",""previous_state"":2,""stability_days"":0.60770166,""difficulty"":7.39223814,""scheduled_days"":0},{""reviewed_at"":""2026-09-06T09:15:19.733+00:00"",""study_date"":""2026-09-06"",""rating"":3,""answer_result"":""correct"",""answer_text"":""hver"",""previous_state"":3,""stability_days"":2.4017249,""difficulty"":7.38007427,""scheduled_days"":2},{""reviewed_at"":""2026-09-10T08:05:44.419+00:00"",""study_date"":""2026-09-10"",""rating"":1,""answer_result"":""incorrect"",""answer_text"":""Hvilken"",""previous_state"":2,""stability_days"":0.62616281,""difficulty"":9.12407659,""scheduled_days"":0},{""reviewed_at"":""2026-09-12T10:28:45.985+00:00"",""study_date"":""2026-09-12"",""rating"":1,""answer_result"":""incorrect"",""answer_text"":""где"",""previous_state"":3,""stability_days"":0.24415018,""difficulty"":9.6973183,""scheduled_days"":0},{""reviewed_at"":""2026-09-12T10:33:04.649+00:00"",""study_date"":""2026-09-12"",""rating"":2,""answer_result"":""correct"",""answer_text"":""каждый"",""previous_state"":3,""stability_days"":0.24415018,""difficulty"":9.78429415,""scheduled_days"":0},{""reviewed_at"":""2026-09-15T13:56:46.417+00:00"",""study_date"":""2026-09-15"",""rating"":2,""answer_result"":null,""answer_text"":null,""previous_state"":3,""stability_days"":0.68067632,""difficulty"":9.84203278,""scheduled_days"":0},{""reviewed_at"":""2026-09-15T16:57:23.092+00:00"",""study_date"":""2026-09-15"",""rating"":3,""answer_result"":""correct"",""answer_text"":""hver"",""previous_state"":3,""stability_days"":0.73353409,""difficulty"":9.82741912,""scheduled_days"":1},{""reviewed_at"":""2026-09-17T21:07:57.409+00:00"",""study_date"":""2026-09-17"",""rating"":3,""answer_result"":""correct"",""answer_text"":""каждый"",""previous_state"":2,""stability_days"":1.65039968,""difficulty"":9.81282007,""scheduled_days"":2},{""reviewed_at"":""2026-09-21T14:13:29.563+00:00"",""study_date"":""2026-09-21"",""rating"":2,""answer_result"":""incorrect"",""answer_text"":""где"",""previous_state"":2,""stability_days"":2.67861954,""difficulty"":9.86096961,""scheduled_days"":3}]","[{""at"":""2026-09-15T13:56:46.417Z"",""kind"":""recall"",""objective"":""meaning"",""result"":""ungraded"",""rating"":2,""assistance"":""none"",""modality"":""typed"",""response_ms"":16261,""replays"":0}]"
ordly-material-v1,2026-09-22T08:53:56.717Z,word,28488401-3b1f-413b-95c2-145de87aec9c,word,kun,кун,words/kun-475371c3.mp3,только,только [adverb; ai],"[{""id"":""edbac537-7e8e-48d3-bee3-c0fb7c5afc00"",""pos"":""adverb"",""note"":null,""text"":""только"",""gender"":null,""source"":""ai"",""example"":null,""coverage"":{""produced"":0,""last_seen"":""2026-09-21T16:38:12.124Z"",""recognized"":3},""created_at"":""2026-09-16T14:40:44Z"",""removed_at"":null,""example_translation"":null}]","только: recognized 3, produced 0, last seen 2026-09-21T16:38:12.124Z",adverb,,Jeg har kun én bog.,У меня только одна книга.,learning,0,true,,2026-09-15T16:49:13.351682+00:00,2026-09-21T16:38:12.141661+00:00,100,fragile,2026-09-21T16:48:12.047+00:00,1,0.71412615,8.24255066,4,0,1,0,0,2026-09-21T16:38:12.047+00:00,4,1,1,2,0,3,0,1,2026-09-17T20:59:47.891+00:00,2026-09-21T16:38:12.047+00:00,0,0,0,0,0,0,0,,"[{""reviewed_at"":""2026-09-17T20:59:47.891+00:00"",""study_date"":""2026-09-17"",""rating"":3,""answer_result"":""correct"",""answer_text"":""только"",""previous_state"":0,""stability_days"":2.3065,""difficulty"":2.11810397,""scheduled_days"":0},{""reviewed_at"":""2026-09-21T13:56:09.236+00:00"",""study_date"":""2026-09-21"",""rating"":1,""answer_result"":""incorrect"",""answer_text"":""к"",""previous_state"":1,""stability_days"":0.66141652,""difficulty"":7.39450274,""scheduled_days"":0},{""reviewed_at"":""2026-09-21T14:35:38.06+00:00"",""study_date"":""2026-09-21"",""rating"":2,""answer_result"":""correct"",""answer_text"":""только"",""previous_state"":1,""stability_days"":0.66141652,""difficulty"":8.25557787,""scheduled_days"":0},{""reviewed_at"":""2026-09-21T16:38:12.047+00:00"",""study_date"":""2026-09-21"",""rating"":3,""answer_result"":""correct"",""answer_text"":""только"",""previous_state"":1,""stability_days"":0.71412615,""difficulty"":8.24255066,""scheduled_days"":0}]",[]
ordly-material-v1,2026-09-22T08:53:56.717Z,word,7f5238cf-9557-4b9a-bfe5-3cd2b663020d,word,mene,мина,words/mene-aabb280e.mp3,"иметь в виду, полагать",иметь в виду [verb; ai] | полагать [verb; ai],"[{""id"":""f67c2551-015f-406f-9807-ffaa2ca02373"",""pos"":""verb"",""note"":null,""text"":""иметь в виду"",""gender"":null,""source"":""ai"",""example"":null,""coverage"":{""produced"":0,""last_seen"":null,""recognized"":0},""created_at"":""2026-09-16T14:40:44Z"",""removed_at"":null,""example_translation"":null},{""id"":""99cc24e3-d69f-40ce-8a0d-b24e47203c91"",""pos"":""verb"",""note"":null,""text"":""полагать"",""gender"":null,""source"":""ai"",""example"":null,""coverage"":{""produced"":0,""last_seen"":null,""recognized"":0},""created_at"":""2026-09-16T14:40:44Z"",""removed_at"":null,""example_translation"":null}]","иметь в виду: recognized 0, produced 0, last seen never | полагать: recognized 0, produced 0, last seen never",verb,,"Jeg mener, at filmen er god.","Я считаю, что фильм хороший.",learning,0,true,,2026-09-07T17:10:13.01587+00:00,2026-09-21T14:16:45.129029+00:00,100,fragile,2026-09-22T14:16:45.019+00:00,2,0.8179116,8.78538473,5,1,0,0,1,2026-09-21T14:16:45.019+00:00,5,2,0,3,0,3,0,2,2026-09-09T14:59:40.662+00:00,2026-09-21T14:16:45.019+00:00,1,1,0,0,0,1,0,2026-09-12T10:22:21.930Z,"[{""reviewed_at"":""2026-09-09T14:59:40.662+00:00"",""study_date"":""2026-09-09"",""rating"":1,""answer_result"":""incorrect"",""answer_text"":null,""previous_state"":0,""stability_days"":0.212,""difficulty"":6.4133,""scheduled_days"":0},{""reviewed_at"":""2026-09-12T10:22:21.93+00:00"",""study_date"":""2026-09-12"",""rating"":3,""answer_result"":""correct"",""answer_text"":null,""previous_state"":1,""stability_days"":2.76096548,""difficulty"":6.40211507,""scheduled_days"":0},{""reviewed_at"":""2026-09-12T23:54:59.817+00:00"",""study_date"":""2026-09-13"",""rating"":3,""answer_result"":""correct"",""answer_text"":""иметь ввиду, значит"",""previous_state"":1,""stability_days"":2.76096548,""difficulty"":6.39094132,""scheduled_days"":4},{""reviewed_at"":""2026-09-21T07:15:26.635+00:00"",""study_date"":""2026-09-21"",""rating"":1,""answer_result"":""incorrect"",""answer_text"":null,""previous_state"":2,""stability_days"":0.76481656,""difficulty"":8.79895532,""scheduled_days"":0},{""reviewed_at"":""2026-09-21T14:16:45.019+00:00"",""study_date"":""2026-09-21"",""rating"":3,""answer_result"":""correct"",""answer_text"":""mene"",""previous_state"":3,""stability_days"":0.8179116,""difficulty"":8.78538473,""scheduled_days"":1}]","[{""at"":""2026-09-12T10:22:21.930Z"",""kind"":""recall"",""objective"":""meaning"",""result"":""correct"",""rating"":3,""assistance"":""none"",""modality"":""typed"",""response_ms"":7942.000000000029,""replays"":0}]"
ordly-material-v1,2026-09-22T08:53:56.717Z,word,b21db450-07bc-4637-8104-04159b00af3c,word,lille,ли́лэ,words/lille-1d215603.mp3,маленький,маленький [adjective; ai],"[{""id"":""ab59fc25-cfc6-5dc7-9ed2-1fdc9e3d0360"",""pos"":""adjective"",""note"":null,""text"":""маленький"",""gender"":null,""locked"":false,""source"":""ai"",""example"":null,""coverage"":{""produced"":0,""last_seen"":null,""recognized"":0},""created_at"":""2026-09-21T13:41:41.137Z"",""removed_at"":null,""example_translation"":null}]","маленький: recognized 0, produced 0, last seen never",adjective,,De bor i en lille by.,Они живут в маленьком городе.,new,0,false,lille,2026-09-21T13:41:42.338078+00:00,2026-09-21T14:15:47.403676+00:00,,new,2026-09-21T13:41:42.338078+00:00,0,0,0,0,0,0,0,0,,0,0,0,0,0,0,0,0,,,0,0,0,0,0,0,0,,[],[]
ordly-material-v1,2026-09-22T08:53:56.717Z,word,24e70b83-9b4d-4f3a-90df-2cd2f8e4e42f,word,bare,ба́а,words/bare-b9e2c5c9.mp3,"только, просто",только [adverb; ai] | просто [adverb; ai],"[{""id"":""3d6e5b7d-d064-473c-9e50-4af80098ff05"",""pos"":""adverb"",""note"":null,""text"":""только"",""gender"":null,""source"":""ai"",""example"":null,""coverage"":{""produced"":0,""last_seen"":null,""recognized"":0},""created_at"":""2026-09-16T14:40:44Z"",""removed_at"":null,""example_translation"":null},{""id"":""252ddc08-0895-4142-92ae-d3e0cf914a8d"",""pos"":""adverb"",""note"":null,""text"":""просто"",""gender"":null,""source"":""ai"",""example"":null,""coverage"":{""produced"":0,""last_seen"":null,""recognized"":0},""created_at"":""2026-09-16T14:40:44Z"",""removed_at"":null,""example_translation"":null}]","только: recognized 0, produced 0, last seen never | просто: recognized 0, produced 0, last seen never",adverb,,Jeg har bare brug for en kop kaffe.,Мне просто нужно чашка кофе.,learning,0,true,,2026-09-04T15:09:13.310583+00:00,2026-09-21T14:15:47.403676+00:00,93,building,2026-09-24T21:00:55.23+00:00,2,6.3302862,9.56129206,9,0,0,5,7,2026-09-17T21:00:55.23+00:00,9,2,2,5,0,7,0,2,2026-09-04T15:09:26+00:00,2026-09-17T21:00:55.23+00:00,2,1,0,0,1,1,1,2026-09-12T10:19:47.096Z,"[{""reviewed_at"":""2026-09-04T15:09:26+00:00"",""study_date"":""2026-09-04"",""rating"":2,""answer_result"":""correct"",""answer_text"":""только"",""previous_state"":0,""stability_days"":1.2931,""difficulty"":5.11217071,""scheduled_days"":0},{""reviewed_at"":""2026-09-04T20:25:46.182+00:00"",""study_date"":""2026-09-04"",""rating"":1,""answer_result"":""incorrect"",""answer_text"":null,""previous_state"":1,""stability_days"":0.45140292,""difficulty"":8.37863212,""scheduled_days"":0},{""reviewed_at"":""2026-09-04T20:28:37.619+00:00"",""study_date"":""2026-09-04"",""rating"":3,""answer_result"":""correct"",""answer_text"":""просто"",""previous_state"":1,""stability_days"":0.49978266,""difficulty"":8.36548186,""scheduled_days"":0},{""reviewed_at"":""2026-09-05T11:51:02.759+00:00"",""study_date"":""2026-09-05"",""rating"":1,""answer_result"":""incorrect"",""answer_text"":null,""previous_state"":1,""stability_days"":0.18876862,""difficulty"":9.44797337,""scheduled_days"":0},{""reviewed_at"":""2026-09-05T11:51:22.498+00:00"",""study_date"":""2026-09-05"",""rating"":2,""answer_result"":""correct"",""answer_text"":""bare"",""previous_state"":1,""stability_days"":0.18876862,""difficulty"":9.61876737,""scheduled_days"":0},{""reviewed_at"":""2026-09-06T09:08:52.858+00:00"",""study_date"":""2026-09-06"",""rating"":3,""answer_result"":""correct"",""answer_text"":""просто"",""previous_state"":1,""stability_days"":0.67098158,""difficulty"":9.60437697,""scheduled_days"":0},{""reviewed_at"":""2026-09-07T14:35:09.584+00:00"",""study_date"":""2026-09-07"",""rating"":3,""answer_result"":""correct"",""answer_text"":""bare"",""previous_state"":1,""stability_days"":1.37853437,""difficulty"":9.59000096,""scheduled_days"":1},{""reviewed_at"":""2026-09-12T10:26:21.742+00:00"",""study_date"":""2026-09-12"",""rating"":3,""answer_result"":""correct"",""answer_text"":""просто"",""previous_state"":2,""stability_days"":3.54153175,""difficulty"":9.57563933,""scheduled_days"":4},{""reviewed_at"":""2026-09-17T21:00:55.23+00:00"",""study_date"":""2026-09-17"",""rating"":3,""answer_result"":""correct"",""answer_text"":""bare"",""previous_state"":2,""stability_days"":6.3302862,""difficulty"":9.56129206,""scheduled_days"":7}]","[{""at"":""2026-09-11T06:14:38.603Z"",""kind"":""produce"",""objective"":""production"",""result"":""ungraded"",""rating"":3,""assistance"":""none"",""modality"":""spoken"",""response_ms"":7112,""replays"":0},{""at"":""2026-09-12T10:19:47.096Z"",""kind"":""produce"",""objective"":""production"",""result"":""correct"",""rating"":3,""assistance"":""none"",""modality"":""typed"",""response_ms"":13146,""replays"":0}]"
ordly-material-v1,2026-09-22T08:53:56.717Z,word,9506e74a-17c5-4626-960d-e88e12243630,word,hvordan,вода́н,words/hvordan-be8957d4.mp3,как,как [adverb; ai],"[{""id"":""d904ea41-c43f-4535-863d-1665a2900eff"",""pos"":""adverb"",""note"":null,""text"":""как"",""gender"":null,""source"":""ai"",""example"":null,""coverage"":{""produced"":0,""last_seen"":""2026-09-17T21:02:52.704Z"",""recognized"":1},""created_at"":""2026-09-16T14:40:44Z"",""removed_at"":null,""example_translation"":null}]","как: recognized 1, produced 0, last seen 2026-09-17T21:02:52.704Z",adverb,,Hvordan har du det?,Как ты себя чувствуешь?,learning,0,true,,2026-09-07T17:21:50.481527+00:00,2026-09-21T14:15:47.403676+00:00,88,building,2026-09-21T21:02:52.654+00:00,2,3.19076447,9.08715948,6,0,0,2,4,2026-09-17T21:02:52.654+00:00,6,2,0,4,0,4,0,2,2026-09-09T15:07:03.378+00:00,2026-09-17T21:02:52.654+00:00,1,1,0,0,0,1,0,2026-09-15T13:56:00.270Z,"[{""reviewed_at"":""2026-09-09T15:07:03.378+00:00"",""study_date"":""2026-09-09"",""rating"":3,""answer_result"":""correct"",""answer_text"":""как"",""previous_state"":0,""stability_days"":2.3065,""difficulty"":2.11810397,""scheduled_days"":0},{""reviewed_at"":""2026-09-12T10:27:13.477+00:00"",""study_date"":""2026-09-12"",""rating"":1,""answer_result"":""incorrect"",""answer_text"":""когда"",""previous_state"":1,""stability_days"":0.63685069,""difficulty"":7.39450274,""scheduled_days"":0},{""reviewed_at"":""2026-09-12T10:30:16.479+00:00"",""study_date"":""2026-09-12"",""rating"":1,""answer_result"":""incorrect"",""answer_text"":""когда"",""previous_state"":1,""stability_days"":0.23292151,""difficulty"":9.12881914,""scheduled_days"":0},{""reviewed_at"":""2026-09-12T10:32:28.198+00:00"",""study_date"":""2026-09-12"",""rating"":3,""answer_result"":""correct"",""answer_text"":""как"",""previous_state"":1,""stability_days"":0.26936078,""difficulty"":9.11491869,""scheduled_days"":0},{""reviewed_at"":""2026-09-15T13:56:00.27+00:00"",""study_date"":""2026-09-15"",""rating"":3,""answer_result"":""correct"",""answer_text"":null,""previous_state"":1,""stability_days"":1.4510029,""difficulty"":9.10103214,""scheduled_days"":1},{""reviewed_at"":""2026-09-17T21:02:52.654+00:00"",""study_date"":""2026-09-17"",""rating"":3,""answer_result"":""correct"",""answer_text"":""как"",""previous_state"":2,""stability_days"":3.19076447,""difficulty"":9.08715948,""scheduled_days"":4}]","[{""at"":""2026-09-15T13:56:00.270Z"",""kind"":""recall"",""objective"":""meaning"",""result"":""correct"",""rating"":3,""assistance"":""none"",""modality"":""typed"",""response_ms"":5282,""replays"":0}]"
ordly-material-v1,2026-09-22T08:53:56.717Z,word,b11d94bb-4b71-4d4e-9c5c-c0ec2bdccc73,word,mindre,ми́ннэ,words/mindre-855e0ff1.mp3,"меньше, менее",меньше [adjective; ai] | менее [adverb; ai],"[{""id"":""882dcbb5-69bf-4ce8-bbbf-0223aa83bba5"",""pos"":""adjective"",""note"":null,""text"":""меньше"",""gender"":null,""locked"":false,""source"":""ai"",""example"":null,""coverage"":{""produced"":0,""last_seen"":null,""recognized"":0},""created_at"":""2026-09-21T13:42:47.430Z"",""removed_at"":null,""example_translation"":null},{""id"":""2720c844-7707-45e7-8426-a72c76ddf21e"",""pos"":""adverb"",""note"":null,""text"":""менее"",""gender"":null,""locked"":false,""source"":""ai"",""example"":null,""coverage"":{""produced"":0,""last_seen"":null,""recognized"":0},""created_at"":""2026-09-21T13:42:47.430Z"",""removed_at"":null,""example_translation"":null}]","меньше: recognized 0, produced 0, last seen never | менее: recognized 0, produced 0, last seen never",adjective | adverb,,Jeg vil gerne have mindre kage.,Я хочу меньше торта.,new,0,true,,2026-09-21T13:43:08.180001+00:00,2026-09-21T14:16:45.964514+00:00,,new,2026-09-21T13:43:08.180001+00:00,0,0,0,0,0,0,0,0,,0,0,0,0,0,0,0,0,,,0,0,0,0,0,0,0,,[],[]
ordly-material-v1,2026-09-22T08:53:56.717Z,word,05152582-0346-4adf-a5b0-9951bf96a5e0,word,håndklæde,ха́нклэле,words/haandklaede-0e9348e9.mp3,полотенце,"полотенце [noun, et; ai]","[{""id"":""a3986a72-29f9-40e0-b7c5-4391291322bb"",""pos"":""noun"",""note"":null,""text"":""полотенце"",""gender"":""et"",""source"":""ai"",""example"":null,""coverage"":{""produced"":0,""last_seen"":null,""recognized"":0},""created_at"":""2026-09-16T14:40:44Z"",""removed_at"":null,""example_translation"":null}]","полотенце: recognized 0, produced 0, last seen never",noun,et,Jeg bruger et håndklæde efter badet.,Я использую полотенце после ванны.,learning,0,true,,2026-09-07T16:42:53.575653+00:00,2026-09-21T14:16:45.964514+00:00,100,growing,2026-10-11T13:47:12.815+00:00,2,21.87782376,6.37977875,4,0,0,9,20,2026-09-21T13:47:12.815+00:00,4,1,0,3,0,2,1,1,2026-09-08T13:53:12.401+00:00,2026-09-21T13:47:12.815+00:00,0,0,0,0,0,0,0,,"[{""reviewed_at"":""2026-09-08T13:53:12.401+00:00"",""study_date"":""2026-09-08"",""rating"":1,""answer_result"":""incorrect"",""answer_text"":""полотенце для рук"",""previous_state"":0,""stability_days"":0.212,""difficulty"":6.4133,""scheduled_days"":0},{""reviewed_at"":""2026-09-10T08:13:43.32+00:00"",""study_date"":""2026-09-10"",""rating"":3,""answer_result"":""correct"",""answer_text"":""полотенце"",""previous_state"":1,""stability_days"":2.4329485,""difficulty"":6.40211507,""scheduled_days"":0},{""reviewed_at"":""2026-09-12T10:29:21.39+00:00"",""study_date"":""2026-09-12"",""rating"":3,""answer_result"":""correct"",""answer_text"":""полотенце"",""previous_state"":1,""stability_days"":6.93671358,""difficulty"":6.39094132,""scheduled_days"":5},{""reviewed_at"":""2026-09-21T13:47:12.815+00:00"",""study_date"":""2026-09-21"",""rating"":3,""answer_result"":""mostly"",""answer_text"":""håndklad"",""previous_state"":2,""stability_days"":21.87782376,""difficulty"":6.37977875,""scheduled_days"":20}]",[]
ordly-material-v1,2026-09-22T08:53:56.717Z,word,ea6695a5-e2c8-4d5c-b749-d49596676bf5,word,allerede,алэрэ́де,words/allerede-5cdbbb7d.mp3,уже,уже [adverb; ai],"[{""id"":""1f21c15d-32cd-4b06-ab7c-62a5fe3196e4"",""pos"":""adverb"",""note"":null,""text"":""уже"",""gender"":null,""source"":""ai"",""example"":null,""coverage"":{""produced"":0,""last_seen"":""2026-09-21T14:15:01.312Z"",""recognized"":1},""created_at"":""2026-09-16T14:40:44Z"",""removed_at"":null,""example_translation"":null}]","уже: recognized 1, produced 0, last seen 2026-09-21T14:15:01.312Z",adverb,,Jeg er allerede hjemme.,Я уже дома.,learning,0,true,,2026-09-04T16:05:42.240689+00:00,2026-09-21T14:15:47.403676+00:00,100,growing,2026-10-03T14:15:01.059+00:00,2,11.89848758,7.64512275,6,1,0,4,12,2026-09-21T14:15:01.059+00:00,6,1,1,3,1,4,0,1,2026-09-04T20:26:59.726+00:00,2026-09-21T14:15:01.059+00:00,2,1,0,0,1,2,0,2026-09-15T14:01:01.719Z,"[{""reviewed_at"":""2026-09-04T20:26:59.726+00:00"",""study_date"":""2026-09-04"",""rating"":3,""answer_result"":""correct"",""answer_text"":""уже"",""previous_state"":0,""stability_days"":2.3065,""difficulty"":2.11810397,""scheduled_days"":0},{""reviewed_at"":""2026-09-05T11:50:16.65+00:00"",""study_date"":""2026-09-05"",""rating"":3,""answer_result"":""correct"",""answer_text"":""уже"",""previous_state"":1,""stability_days"":7.31530068,""difficulty"":2.11121424,""scheduled_days"":8},{""reviewed_at"":""2026-09-15T14:00:41.147+00:00"",""study_date"":""2026-09-15"",""rating"":1,""answer_result"":null,""answer_text"":null,""previous_state"":2,""stability_days"":1.29291426,""difficulty"":7.39223814,""scheduled_days"":0},{""reviewed_at"":""2026-09-15T14:01:01.719+00:00"",""study_date"":""2026-09-15"",""rating"":3,""answer_result"":""correct"",""answer_text"":null,""previous_state"":3,""stability_days"":1.3357205,""difficulty"":7.38007427,""scheduled_days"":1},{""reviewed_at"":""2026-09-17T21:06:26.501+00:00"",""study_date"":""2026-09-17"",""rating"":2,""answer_result"":""incorrect"",""answer_text"":""alrid"",""previous_state"":2,""stability_days"":3.30067904,""difficulty"":8.24599958,""scheduled_days"":3},{""reviewed_at"":""2026-09-21T14:15:01.059+00:00"",""study_date"":""2026-09-21"",""rating"":4,""answer_result"":""correct"",""answer_text"":""уже"",""previous_state"":2,""stability_days"":11.89848758,""difficulty"":7.64512275,""scheduled_days"":12}]","[{""at"":""2026-09-15T14:00:41.147Z"",""kind"":""recall"",""objective"":""meaning"",""result"":""ungraded"",""rating"":1,""assistance"":""none"",""modality"":""typed"",""response_ms"":7605,""replays"":0},{""at"":""2026-09-15T14:01:01.719Z"",""kind"":""recall"",""objective"":""meaning"",""result"":""correct"",""rating"":3,""assistance"":""none"",""modality"":""typed"",""response_ms"":1936.0000000000582,""replays"":0}]"
ordly-material-v1,2026-09-22T08:53:56.717Z,word,51280038-25b7-451e-a2c9-5778861a9cbf,word,område,,words/omraade-9f91b12e.mp3,район,"район [noun, et; ai]","[{""id"":""019d1b58-d357-4940-ac91-508b368b63cd"",""pos"":""noun"",""note"":null,""text"":""район"",""gender"":""et"",""source"":""ai"",""example"":null,""coverage"":{""produced"":0,""last_seen"":null,""recognized"":0},""created_at"":""2026-09-16T14:40:44Z"",""removed_at"":null,""example_translation"":null}]","район: recognized 0, produced 0, last seen never",noun,et,Jeg går rundt i området.,Я гуляю по окрестностям.,learning,0,true,,2026-09-04T16:31:54.195817+00:00,2026-09-21T14:15:47.403676+00:00,96,growing,2026-10-14T10:33:30.022+00:00,2,29.07123789,2.1043314,3,0,0,6,32,2026-09-12T10:33:30.022+00:00,3,0,0,3,0,3,0,0,2026-09-05T11:36:11.69+00:00,2026-09-12T10:33:30.022+00:00,0,0,0,0,0,0,0,,"[{""reviewed_at"":""2026-09-05T11:36:11.69+00:00"",""study_date"":""2026-09-05"",""rating"":3,""answer_result"":""correct"",""answer_text"":""район"",""previous_state"":0,""stability_days"":2.3065,""difficulty"":2.11810397,""scheduled_days"":0},{""reviewed_at"":""2026-09-06T09:08:23.68+00:00"",""study_date"":""2026-09-06"",""rating"":3,""answer_result"":""correct"",""answer_text"":""Район"",""previous_state"":1,""stability_days"":7.31530068,""difficulty"":2.11121424,""scheduled_days"":6},{""reviewed_at"":""2026-09-12T10:33:30.022+00:00"",""study_date"":""2026-09-12"",""rating"":3,""answer_result"":""correct"",""answer_text"":""район"",""previous_state"":2,""stability_days"":29.07123789,""difficulty"":2.1043314,""scheduled_days"":32}]",[]
ordly-material-v1,2026-09-22T08:53:56.717Z,word,508e4866-c915-4a2c-a11b-165232e3a0f6,word,vælge,вэ́лйе,words/vaelge-ddff5e42.mp3,"выбирать, выбрать",выбирать [verb; ai] | выбрать [unclassified; user],"[{""id"":""b11ff41e-0546-436f-afac-d657b3d00c26"",""pos"":""verb"",""note"":null,""text"":""выбирать"",""gender"":null,""locked"":false,""source"":""ai"",""example"":null,""coverage"":{""produced"":0,""last_seen"":null,""recognized"":0},""created_at"":""2026-09-16T14:40:44Z"",""removed_at"":null,""example_translation"":null},{""id"":""a723f7b5-30af-416b-a9fa-c1436b8ac65f"",""pos"":null,""note"":null,""text"":""выбрать"",""gender"":null,""locked"":false,""source"":""user"",""example"":null,""coverage"":{""produced"":0,""last_seen"":""2026-09-21T13:48:22.499Z"",""recognized"":1},""created_at"":""2026-09-21T13:48:20.814Z"",""removed_at"":null,""example_translation"":null}]","выбирать: recognized 0, produced 0, last seen never | выбрать: recognized 1, produced 0, last seen 2026-09-21T13:48:22.499Z",verb,,Jeg vil vælge en blå skjorte.,Я хочу выбрать синюю рубашку.,learning,0,true,,2026-09-07T16:48:10.067774+00:00,2026-09-21T14:15:47.403676+00:00,100,building,2026-09-29T13:48:22.429+00:00,2,5.62402931,9.15588712,6,0,0,6,8,2026-09-21T13:48:22.429+00:00,6,2,1,3,0,3,0,2,2026-09-09T14:53:26.267+00:00,2026-09-21T13:48:22.429+00:00,4,2,0,1,1,4,0,2026-09-15T13:57:26.506Z,"[{""reviewed_at"":""2026-09-09T14:53:26.267+00:00"",""study_date"":""2026-09-09"",""rating"":1,""answer_result"":""incorrect"",""answer_text"":null,""previous_state"":0,""stability_days"":0.212,""difficulty"":6.4133,""scheduled_days"":0},{""reviewed_at"":""2026-09-11T06:21:35.35+00:00"",""study_date"":""2026-09-11"",""rating"":1,""answer_result"":""incorrect"",""answer_text"":null,""previous_state"":1,""stability_days"":0.11279815,""difficulty"":8.80630447,""scheduled_days"":0},{""reviewed_at"":""2026-09-11T06:23:10.907+00:00"",""study_date"":""2026-09-11"",""rating"":3,""answer_result"":null,""answer_text"":null,""previous_state"":1,""stability_days"":0.13681939,""difficulty"":8.79272653,""scheduled_days"":0},{""reviewed_at"":""2026-09-12T10:32:53.093+00:00"",""study_date"":""2026-09-12"",""rating"":2,""answer_result"":""correct"",""answer_text"":""vælge"",""previous_state"":1,""stability_days"":0.54198802,""difficulty"":9.18378399,""scheduled_days"":0},{""reviewed_at"":""2026-09-15T13:54:54.715+00:00"",""study_date"":""2026-09-15"",""rating"":3,""answer_result"":""correct"",""answer_text"":null,""previous_state"":1,""stability_days"":2.09860612,""difficulty"":9.16982858,""scheduled_days"":2},{""reviewed_at"":""2026-09-21T13:48:22.429+00:00"",""study_date"":""2026-09-21"",""rating"":3,""answer_result"":""correct"",""answer_text"":""выбрать"",""previous_state"":2,""stability_days"":5.62402931,""difficulty"":9.15588712,""scheduled_days"":8}]","[{""at"":""2026-09-11T06:21:35.350Z"",""kind"":""recall"",""objective"":""meaning"",""result"":""incorrect"",""rating"":1,""assistance"":""model"",""modality"":""typed"",""response_ms"":6347,""replays"":0},{""at"":""2026-09-11T06:23:10.907Z"",""kind"":""recall"",""objective"":""meaning"",""result"":""ungraded"",""rating"":3,""assistance"":""none"",""modality"":""typed"",""response_ms"":6263,""replays"":0},{""at"":""2026-09-15T13:54:54.715Z"",""kind"":""recall"",""objective"":""meaning"",""result"":""correct"",""rating"":3,""assistance"":""none"",""modality"":""typed"",""response_ms"":5659.999999999971,""replays"":0},{""at"":""2026-09-15T13:57:26.506Z"",""kind"":""produce"",""objective"":""production"",""result"":""correct"",""rating"":3,""assistance"":""none"",""modality"":""typed"",""response_ms"":5295.999999999942,""replays"":0}]"
ordly-material-v1,2026-09-22T08:53:56.717Z,word,007022c8-fd10-47bf-a9b0-1f489aab0efe,word,svær,,words/svaer-b9c4b15f.mp3,"трудный, сложный","трудный, сложный [adjective; ai]","[{""id"":""8ec61dc3-a83a-4298-821a-7b0927024263"",""pos"":""adjective"",""note"":null,""text"":""трудный, сложный"",""gender"":null,""source"":""ai"",""example"":null,""coverage"":{""produced"":0,""last_seen"":null,""recognized"":0},""created_at"":""2026-09-16T14:40:44Z"",""removed_at"":null,""example_translation"":null},{""id"":""f24f83ba-e4dc-451a-906f-d6761f6d3f7f"",""pos"":null,""note"":null,""text"":""сложно"",""gender"":null,""source"":""split"",""example"":null,""coverage"":{""produced"":0,""last_seen"":null,""recognized"":0},""created_at"":""2026-09-16T14:40:44Z"",""removed_at"":""2026-09-16T15:02:59.719Z"",""example_translation"":null}]","трудный, сложный: recognized 0, produced 0, last seen never",adjective,,Det er svært at lære dansk.,Трудно учить датский.,learning,0,true,,2026-09-02T17:13:34.758464+00:00,2026-09-21T14:15:47.403676+00:00,99,strong,2026-11-02T21:02:24.931+00:00,2,48.55964622,2.09745544,4,0,0,12,46,2026-09-17T21:02:24.931+00:00,4,0,0,4,0,2,1,1,2026-09-03T06:25:27.685+00:00,2026-09-17T21:02:24.931+00:00,0,0,0,0,0,0,0,,"[{""reviewed_at"":""2026-09-03T06:25:27.685+00:00"",""study_date"":""2026-09-03"",""rating"":3,""answer_result"":""incorrect"",""answer_text"":null,""previous_state"":0,""stability_days"":2.3065,""difficulty"":2.11810397,""scheduled_days"":0},{""reviewed_at"":""2026-09-03T07:10:15.738+00:00"",""study_date"":""2026-09-03"",""rating"":3,""answer_result"":""correct"",""answer_text"":""сложно"",""previous_state"":1,""stability_days"":2.3065,""difficulty"":2.11121424,""scheduled_days"":2},{""reviewed_at"":""2026-09-05T11:56:04.933+00:00"",""study_date"":""2026-09-05"",""rating"":3,""answer_result"":""correct"",""answer_text"":""сложно"",""previous_state"":2,""stability_days"":10.97104786,""difficulty"":2.1043314,""scheduled_days"":11},{""reviewed_at"":""2026-09-17T21:02:24.931+00:00"",""study_date"":""2026-09-17"",""rating"":3,""answer_result"":""mostly"",""answer_text"":""svær"",""previous_state"":2,""stability_days"":48.55964622,""difficulty"":2.09745544,""scheduled_days"":46}]",[]
ordly-material-v1,2026-09-22T08:53:56.717Z,word,077ec6f4-8e67-4410-8d5e-5529bd26f782,word,aldrig,а́лдри,words/aldrig-b82f7afd.mp3,никогда,никогда [adverb; ai],"[{""id"":""720a08b2-6f74-4be1-a6cf-78897038370d"",""pos"":""adverb"",""note"":null,""text"":""никогда"",""gender"":null,""source"":""ai"",""example"":null,""coverage"":{""produced"":0,""last_seen"":""2026-09-21T14:05:51.792Z"",""recognized"":2},""created_at"":""2026-09-16T14:40:44Z"",""removed_at"":null,""example_translation"":null}]","никогда: recognized 2, produced 0, last seen 2026-09-21T14:05:51.792Z",adverb,,Jeg spiser aldrig slik.,Я никогда не ем сладости.,learning,0,true,,2026-09-15T16:35:41.345795+00:00,2026-09-21T14:15:47.403676+00:00,100,growing,2026-10-07T14:05:51.671+00:00,2,13.69738476,5.18509795,3,0,0,3,16,2026-09-21T14:05:51.671+00:00,3,1,0,1,1,2,0,1,2026-09-16T20:31:16.081+00:00,2026-09-21T14:05:51.671+00:00,0,0,0,0,0,0,0,,"[{""reviewed_at"":""2026-09-16T20:31:16.081+00:00"",""study_date"":""2026-09-16"",""rating"":1,""answer_result"":""incorrect"",""answer_text"":""всегда"",""previous_state"":0,""stability_days"":0.212,""difficulty"":6.4133,""scheduled_days"":0},{""reviewed_at"":""2026-09-18T06:55:59.255+00:00"",""study_date"":""2026-09-18"",""rating"":3,""answer_result"":""correct"",""answer_text"":""никогда"",""previous_state"":1,""stability_days"":2.4329485,""difficulty"":6.40211507,""scheduled_days"":0},{""reviewed_at"":""2026-09-21T14:05:51.671+00:00"",""study_date"":""2026-09-21"",""rating"":4,""answer_result"":""correct"",""answer_text"":""никогда"",""previous_state"":1,""stability_days"":13.69738476,""difficulty"":5.18509795,""scheduled_days"":16}]",[]
ordly-material-v1,2026-09-22T08:53:56.717Z,word,6b1f89ca-85d7-4351-b1e7-f8dc49b32ee7,word,tænke,тэнге,words/taenke-dde4d7f5.mp3,думать,думать [verb; ai],"[{""id"":""cdc1fa4c-95ae-42f5-a3df-7d4a0cdff7c7"",""pos"":""verb"",""note"":null,""text"":""думать"",""gender"":null,""source"":""ai"",""example"":null,""coverage"":{""produced"":0,""last_seen"":null,""recognized"":0},""created_at"":""2026-09-16T14:40:44Z"",""removed_at"":null,""example_translation"":null}]","думать: recognized 0, produced 0, last seen never",verb,,Jeg tænker på dig.,Я думаю о тебе.,learning,0,true,,2026-09-03T13:19:43.911598+00:00,2026-09-21T14:15:47.403676+00:00,90,growing,2026-09-23T14:37:46.893+00:00,2,13.8358397,2.1043314,3,0,0,3,16,2026-09-07T14:37:46.893+00:00,3,0,0,3,0,3,0,0,2026-09-04T11:00:11.422+00:00,2026-09-07T14:37:46.893+00:00,0,0,0,0,0,0,0,,"[{""reviewed_at"":""2026-09-04T11:00:11.422+00:00"",""study_date"":""2026-09-04"",""rating"":3,""answer_result"":""correct"",""answer_text"":""Думать, рызмышлять"",""previous_state"":0,""stability_days"":2.3065,""difficulty"":2.11810397,""scheduled_days"":0},{""reviewed_at"":""2026-09-04T12:20:07.355+00:00"",""study_date"":""2026-09-04"",""rating"":3,""answer_result"":""correct"",""answer_text"":""Думать, размышлять"",""previous_state"":1,""stability_days"":2.3065,""difficulty"":2.11121424,""scheduled_days"":2},{""reviewed_at"":""2026-09-07T14:37:46.893+00:00"",""study_date"":""2026-09-07"",""rating"":3,""answer_result"":""correct"",""answer_text"":""думать, размышлять"",""previous_state"":2,""stability_days"":13.8358397,""difficulty"":2.1043314,""scheduled_days"":16}]",[]
ordly-material-v1,2026-09-22T08:53:56.717Z,word,53c9fb16-7ff0-42e8-9389-f87577940f41,word,rundt,ро́нд,words/rundt-89483003.mp3,"около, вокруг",около [preposition; ai] | вокруг [preposition; ai],"[{""id"":""1bd17368-3ec8-4dc5-98e4-34dc5b05733f"",""pos"":""preposition"",""note"":null,""text"":""около"",""gender"":null,""source"":""ai"",""example"":null,""coverage"":{""produced"":0,""last_seen"":null,""recognized"":0},""created_at"":""2026-09-16T14:40:44Z"",""removed_at"":null,""example_translation"":null},{""id"":""cae49062-0288-4db7-850a-1fc8bd1fb6a4"",""pos"":""preposition"",""note"":null,""text"":""вокруг"",""gender"":null,""source"":""ai"",""example"":null,""coverage"":{""produced"":0,""last_seen"":null,""recognized"":0},""created_at"":""2026-09-16T14:40:44Z"",""removed_at"":null,""example_translation"":null}]","около: recognized 0, produced 0, last seen never | вокруг: recognized 0, produced 0, last seen never",preposition,,Jeg går rundt i parken.,Я гуляю вокруг парка.,learning,0,true,,2026-09-04T16:32:11.973213+00:00,2026-09-21T14:15:47.403676+00:00,100,growing,2026-10-11T14:06:11.431+00:00,2,18.54951596,7.57700604,5,0,0,11,20,2026-09-21T14:06:11.431+00:00,5,1,1,3,0,2,1,2,2026-09-05T11:36:25.071+00:00,2026-09-21T14:06:11.431+00:00,0,0,0,0,0,0,0,,"[{""reviewed_at"":""2026-09-05T11:36:25.071+00:00"",""study_date"":""2026-09-05"",""rating"":1,""answer_result"":""incorrect"",""answer_text"":null,""previous_state"":0,""stability_days"":0.212,""difficulty"":6.4133,""scheduled_days"":0},{""reviewed_at"":""2026-09-05T11:58:10.432+00:00"",""study_date"":""2026-09-05"",""rating"":3,""answer_result"":""correct"",""answer_text"":""вокруг, около"",""previous_state"":1,""stability_days"":0.24668919,""difficulty"":6.40211507,""scheduled_days"":0},{""reviewed_at"":""2026-09-06T09:17:27.894+00:00"",""study_date"":""2026-09-06"",""rating"":3,""answer_result"":""correct"",""answer_text"":""вокруг"",""previous_state"":1,""stability_days"":2.02147724,""difficulty"":6.39094132,""scheduled_days"":2},{""reviewed_at"":""2026-09-10T08:06:24.848+00:00"",""study_date"":""2026-09-10"",""rating"":2,""answer_result"":""incorrect"",""answer_text"":null,""previous_state"":2,""stability_days"":6.22399111,""difficulty"":7.58936704,""scheduled_days"":8},{""reviewed_at"":""2026-09-21T14:06:11.431+00:00"",""study_date"":""2026-09-21"",""rating"":3,""answer_result"":""mostly"",""answer_text"":""rund"",""previous_state"":2,""stability_days"":18.54951596,""difficulty"":7.57700604,""scheduled_days"":20}]",[]
ordly-material-v1,2026-09-22T08:53:56.717Z,word,0dcc2279-3b2c-43be-aa5c-da1d54d14c77,word,næsten,нэсдэн,words/naesten-c82db87b.mp3,почти,почти [adverb; ai],"[{""id"":""f4668805-8ec4-4afd-bc92-cb0dc40815ae"",""pos"":""adverb"",""note"":null,""text"":""почти"",""gender"":null,""source"":""ai"",""example"":null,""coverage"":{""produced"":0,""last_seen"":""2026-09-17T11:41:53.069Z"",""recognized"":1},""created_at"":""2026-09-16T14:40:44Z"",""removed_at"":null,""example_translation"":null}]","почти: recognized 1, produced 0, last seen 2026-09-17T11:41:53.069Z",adverb,,Jeg er næsten der.,Я почти там.,learning,0,true,,2026-09-04T16:09:47.349899+00:00,2026-09-21T14:15:47.403676+00:00,92,building,2026-09-25T11:41:50.591+00:00,2,5.8936531,9.70720958,10,0,0,2,8,2026-09-17T11:41:50.591+00:00,10,2,4,4,0,7,0,3,2026-09-04T20:27:38.96+00:00,2026-09-17T11:41:50.591+00:00,1,1,0,0,0,1,0,2026-09-17T11:41:50.591Z,"[{""reviewed_at"":""2026-09-04T20:27:38.96+00:00"",""study_date"":""2026-09-04"",""rating"":1,""answer_result"":""correct"",""answer_text"":""почти"",""previous_state"":0,""stability_days"":0.212,""difficulty"":6.4133,""scheduled_days"":0},{""reviewed_at"":""2026-09-04T20:30:23.568+00:00"",""study_date"":""2026-09-04"",""rating"":3,""answer_result"":""correct"",""answer_text"":""почти"",""previous_state"":1,""stability_days"":0.24668919,""difficulty"":6.40211507,""scheduled_days"":0},{""reviewed_at"":""2026-09-05T11:51:59.143+00:00"",""study_date"":""2026-09-05"",""rating"":1,""answer_result"":""incorrect"",""answer_text"":null,""previous_state"":1,""stability_days"":0.11336723,""difficulty"":8.80262806,""scheduled_days"":0},{""reviewed_at"":""2026-09-05T11:53:20.936+00:00"",""study_date"":""2026-09-05"",""rating"":2,""answer_result"":""correct"",""answer_text"":""næsten"",""previous_state"":1,""stability_days"":0.11336723,""difficulty"":9.19035708,""scheduled_days"":0},{""reviewed_at"":""2026-09-06T09:09:06.779+00:00"",""study_date"":""2026-09-06"",""rating"":3,""answer_result"":""correct"",""answer_text"":""næsten"",""previous_state"":1,""stability_days"":0.62079538,""difficulty"":9.17639509,""scheduled_days"":0},{""reviewed_at"":""2026-09-07T14:35:20.247+00:00"",""study_date"":""2026-09-07"",""rating"":2,""answer_result"":""incorrect"",""answer_text"":""просто"",""previous_state"":1,""stability_days"":1.16851062,""difficulty"":9.43848105,""scheduled_days"":0},{""reviewed_at"":""2026-09-08T13:49:49.782+00:00"",""study_date"":""2026-09-08"",""rating"":3,""answer_result"":""correct"",""answer_text"":""næsten"",""previous_state"":1,""stability_days"":2.02379664,""difficulty"":9.42427094,""scheduled_days"":2},{""reviewed_at"":""2026-09-12T10:30:42.388+00:00"",""study_date"":""2026-09-12"",""rating"":2,""answer_result"":""correct"",""answer_text"":""почти"",""previous_state"":2,""stability_days"":3.46092623,""difficulty"":9.60303259,""scheduled_days"":2},{""reviewed_at"":""2026-09-15T14:03:39.344+00:00"",""study_date"":""2026-09-15"",""rating"":2,""answer_result"":""incorrect"",""answer_text"":""bare"",""previous_state"":2,""stability_days"":4.60913727,""difficulty"":9.72170291,""scheduled_days"":5},{""reviewed_at"":""2026-09-17T11:41:50.591+00:00"",""study_date"":""2026-09-17"",""rating"":3,""answer_result"":""correct"",""answer_text"":null,""previous_state"":2,""stability_days"":5.8936531,""difficulty"":9.70720958,""scheduled_days"":8}]","[{""at"":""2026-09-17T11:41:50.591Z"",""kind"":""recall"",""objective"":""meaning"",""result"":""correct"",""rating"":3,""assistance"":""none"",""modality"":""typed"",""response_ms"":4944.899999999441,""replays"":0}]"
ordly-material-v1,2026-09-22T08:53:56.717Z,word,da7b08e5-2488-444c-b6f3-9b16782b55e8,word,vigtig,вэ́кти,words/vigtig-ccfb0cca.mp3,важный,важный [adjective; ai],"[{""id"":""521a3b78-e03c-49b3-9d94-b94e19d26089"",""pos"":""adjective"",""note"":null,""text"":""важный"",""gender"":null,""source"":""ai"",""example"":null,""coverage"":{""produced"":0,""last_seen"":null,""recognized"":0},""created_at"":""2026-09-16T14:40:44Z"",""removed_at"":null,""example_translation"":null}]","важный: recognized 0, produced 0, last seen never",adjective,,Det er vigtigt at være venlig.,Важно быть вежливым.,learning,0,true,,2026-09-15T16:21:23.680733+00:00,2026-09-21T16:39:45.441774+00:00,100,fragile,2026-09-22T16:39:45.368+00:00,2,0.10518325,9.56415413,5,0,0,0,1,2026-09-21T16:39:45.368+00:00,5,3,0,2,0,2,0,3,2026-09-16T17:53:54.821+00:00,2026-09-21T16:39:45.368+00:00,0,0,0,0,0,0,0,,"[{""reviewed_at"":""2026-09-16T17:53:54.821+00:00"",""study_date"":""2026-09-16"",""rating"":1,""answer_result"":""incorrect"",""answer_text"":null,""previous_state"":0,""stability_days"":0.212,""difficulty"":6.4133,""scheduled_days"":0},{""reviewed_at"":""2026-09-17T21:09:17.229+00:00"",""study_date"":""2026-09-17"",""rating"":1,""answer_result"":""incorrect"",""answer_text"":null,""previous_state"":1,""stability_days"":0.10088579,""difficulty"":8.80630447,""scheduled_days"":0},{""reviewed_at"":""2026-09-21T13:56:36.414+00:00"",""study_date"":""2026-09-21"",""rating"":1,""answer_result"":""incorrect"",""answer_text"":null,""previous_state"":1,""stability_days"":0.06787277,""difficulty"":9.59286876,""scheduled_days"":0},{""reviewed_at"":""2026-09-21T14:35:49.416+00:00"",""study_date"":""2026-09-21"",""rating"":3,""answer_result"":""correct"",""answer_text"":""vigtig"",""previous_state"":1,""stability_days"":0.08512501,""difficulty"":9.57850426,""scheduled_days"":0},{""reviewed_at"":""2026-09-21T16:39:45.368+00:00"",""study_date"":""2026-09-21"",""rating"":3,""answer_result"":""correct"",""answer_text"":""важно"",""previous_state"":1,""stability_days"":0.10518325,""difficulty"":9.56415413,""scheduled_days"":1}]",[]
ordly-material-v1,2026-09-22T08:53:56.717Z,word,166102da-957c-4370-a155-7f47a59b6799,word,lyde,,words/lyde-66c2be3d.mp3,звучать,звучать [verb; ai],"[{""id"":""43136959-d211-49b6-9354-f5ac23ea98b7"",""pos"":""verb"",""note"":null,""text"":""звучать"",""gender"":null,""source"":""ai"",""example"":null,""coverage"":{""produced"":0,""last_seen"":null,""recognized"":0},""created_at"":""2026-09-16T14:40:44Z"",""removed_at"":null,""example_translation"":null}]","звучать: recognized 0, produced 0, last seen never",verb,,Det lyder godt.,Это звучит хорошо.,learning,0,true,,2026-09-03T12:21:28.15939+00:00,2026-09-21T14:15:47.403676+00:00,100,growing,2026-09-30T14:06:31.895+00:00,2,7.4345282,9.52097481,11,1,0,6,9,2026-09-21T14:06:31.895+00:00,11,3,0,8,0,8,0,3,2026-09-03T14:43:34.873+00:00,2026-09-21T14:06:31.895+00:00,2,2,0,0,0,2,0,2026-09-15T13:59:37.037Z,"[{""reviewed_at"":""2026-09-03T14:43:34.873+00:00"",""study_date"":""2026-09-03"",""rating"":1,""answer_result"":""incorrect"",""answer_text"":null,""previous_state"":0,""stability_days"":0.212,""difficulty"":6.4133,""scheduled_days"":0},{""reviewed_at"":""2026-09-03T14:44:59.512+00:00"",""study_date"":""2026-09-03"",""rating"":3,""answer_result"":""correct"",""answer_text"":""звучит"",""previous_state"":1,""stability_days"":0.24668919,""difficulty"":6.40211507,""scheduled_days"":0},{""reviewed_at"":""2026-09-03T20:34:16.272+00:00"",""study_date"":""2026-09-03"",""rating"":1,""answer_result"":""incorrect"",""answer_text"":null,""previous_state"":1,""stability_days"":0.09603384,""difficulty"":8.80262806,""scheduled_days"":0},{""reviewed_at"":""2026-09-03T20:34:40.401+00:00"",""study_date"":""2026-09-03"",""rating"":3,""answer_result"":""correct"",""answer_text"":""lyder"",""previous_state"":1,""stability_days"":0.11772479,""difficulty"":8.7890538,""scheduled_days"":0},{""reviewed_at"":""2026-09-04T11:01:38.442+00:00"",""study_date"":""2026-09-04"",""rating"":3,""answer_result"":""correct"",""answer_text"":""lyder"",""previous_state"":1,""stability_days"":0.74854004,""difficulty"":8.77549312,""scheduled_days"":1},{""reviewed_at"":""2026-09-05T11:58:00.05+00:00"",""study_date"":""2026-09-05"",""rating"":3,""answer_result"":""correct"",""answer_text"":""звучит"",""previous_state"":2,""stability_days"":1.89839015,""difficulty"":8.761946,""scheduled_days"":2},{""reviewed_at"":""2026-09-07T14:39:57.867+00:00"",""study_date"":""2026-09-07"",""rating"":1,""answer_result"":""incorrect"",""answer_text"":""lave"",""previous_state"":2,""stability_days"":0.4972228,""difficulty"":9.57828844,""scheduled_days"":0},{""reviewed_at"":""2026-09-07T14:40:24.048+00:00"",""study_date"":""2026-09-07"",""rating"":3,""answer_result"":""correct"",""answer_text"":""звучит"",""previous_state"":3,""stability_days"":0.54702243,""difficulty"":9.56393852,""scheduled_days"":1},{""reviewed_at"":""2026-09-11T06:18:10.553+00:00"",""study_date"":""2026-09-11"",""rating"":3,""answer_result"":""correct"",""answer_text"":null,""previous_state"":2,""stability_days"":1.93843888,""difficulty"":9.54960295,""scheduled_days"":2},{""reviewed_at"":""2026-09-15T13:59:37.037+00:00"",""study_date"":""2026-09-15"",""rating"":3,""answer_result"":""correct"",""answer_text"":null,""previous_state"":2,""stability_days"":4.11542372,""difficulty"":9.53528172,""scheduled_days"":3},{""reviewed_at"":""2026-09-21T14:06:31.895+00:00"",""study_date"":""2026-09-21"",""rating"":3,""answer_result"":""correct"",""answer_text"":""звучит"",""previous_state"":2,""stability_days"":7.4345282,""difficulty"":9.52097481,""scheduled_days"":9}]","[{""at"":""2026-09-11T06:18:10.553Z"",""kind"":""recall"",""objective"":""meaning"",""result"":""correct"",""rating"":3,""assistance"":""none"",""modality"":""typed"",""response_ms"":8962,""replays"":0},{""at"":""2026-09-15T13:59:37.037Z"",""kind"":""recall"",""objective"":""meaning"",""result"":""correct"",""rating"":3,""assistance"":""none"",""modality"":""typed"",""response_ms"":3109.999999999942,""replays"":0}]"
ordly-material-v1,2026-09-22T08:53:56.717Z,word,f36f6adc-fee4-46fc-975b-87c7312a8f50,word,glemme,глэ́ме,words/glemme-17f11612.mp3,забывать,забывать [verb; ai],"[{""id"":""2af15663-8435-4f9d-8bfb-84a3851d7e99"",""pos"":""verb"",""note"":null,""text"":""забывать"",""gender"":null,""source"":""ai"",""example"":null,""coverage"":{""produced"":0,""last_seen"":null,""recognized"":0},""created_at"":""2026-09-16T14:40:44Z"",""removed_at"":null,""example_translation"":null}]","забывать: recognized 0, produced 0, last seen never",verb,,Jeg glemmer altid dette.,Я всегда забываю это.,learning,0,true,,2026-09-04T16:21:08.447482+00:00,2026-09-21T14:15:47.403676+00:00,98,strong,2026-10-21T14:00:57.666+00:00,2,38.50101845,2.1043314,3,0,0,10,36,2026-09-15T14:00:57.666+00:00,3,0,0,3,0,3,0,0,2026-09-04T20:34:21.861+00:00,2026-09-15T14:00:57.666+00:00,1,1,0,0,0,1,0,2026-09-15T14:00:57.666Z,"[{""reviewed_at"":""2026-09-04T20:34:21.861+00:00"",""study_date"":""2026-09-04"",""rating"":3,""answer_result"":""correct"",""answer_text"":""забыть"",""previous_state"":0,""stability_days"":2.3065,""difficulty"":2.11810397,""scheduled_days"":0},{""reviewed_at"":""2026-09-05T11:53:06.711+00:00"",""study_date"":""2026-09-05"",""rating"":3,""answer_result"":""correct"",""answer_text"":""забыть"",""previous_state"":1,""stability_days"":7.31530068,""difficulty"":2.11121424,""scheduled_days"":8},{""reviewed_at"":""2026-09-15T14:00:57.666+00:00"",""study_date"":""2026-09-15"",""rating"":3,""answer_result"":""correct"",""answer_text"":null,""previous_state"":2,""stability_days"":38.50101845,""difficulty"":2.1043314,""scheduled_days"":36}]","[{""at"":""2026-09-15T14:00:57.666Z"",""kind"":""recall"",""objective"":""meaning"",""result"":""correct"",""rating"":3,""assistance"":""none"",""modality"":""typed"",""response_ms"":2694,""replays"":0}]"
ordly-material-v1,2026-09-22T08:53:56.717Z,word,ebbc93ef-b736-4ae5-848a-42098538639f,word,faktisk,фактис,words/faktisk-4ba72115.mp3,фактический,фактический [adjective; ai],"[{""id"":""e0358c79-08a7-464b-bff3-084704c6ab69"",""pos"":""adjective"",""note"":null,""text"":""фактический"",""gender"":null,""source"":""ai"",""example"":null,""coverage"":{""produced"":0,""last_seen"":null,""recognized"":0},""created_at"":""2026-09-16T14:40:44Z"",""removed_at"":null,""example_translation"":null}]","фактический: recognized 0, produced 0, last seen never",adjective,,Det er faktisk sandt.,Это действительно правда.,learning,0,true,,2026-09-02T17:25:48.978103+00:00,2026-09-21T14:15:47.403676+00:00,94,growing,2026-10-02T06:18:22.522+00:00,2,19.8166137,5.07269477,5,0,0,7,21,2026-09-11T06:18:22.522+00:00,5,0,1,4,0,1,3,1,2026-09-03T06:26:11.62+00:00,2026-09-11T06:18:22.522+00:00,1,0,1,0,0,1,0,2026-09-11T06:18:22.522Z,"[{""reviewed_at"":""2026-09-03T06:26:11.62+00:00"",""study_date"":""2026-09-03"",""rating"":2,""answer_result"":""incorrect"",""answer_text"":null,""previous_state"":0,""stability_days"":1.2931,""difficulty"":5.11217071,""scheduled_days"":0},{""reviewed_at"":""2026-09-03T07:09:51.236+00:00"",""study_date"":""2026-09-03"",""rating"":3,""answer_result"":""mostly"",""answer_text"":""фактически"",""previous_state"":1,""stability_days"":1.33589976,""difficulty"":5.10228691,""scheduled_days"":0},{""reviewed_at"":""2026-09-03T09:41:29.912+00:00"",""study_date"":""2026-09-03"",""rating"":3,""answer_result"":""mostly"",""answer_text"":""факический"",""previous_state"":1,""stability_days"":1.37716224,""difficulty"":5.09241299,""scheduled_days"":1},{""reviewed_at"":""2026-09-04T11:02:34.337+00:00"",""study_date"":""2026-09-04"",""rating"":3,""answer_result"":""correct"",""answer_text"":""faktisk"",""previous_state"":2,""stability_days"":4.65595787,""difficulty"":5.08254895,""scheduled_days"":5},{""reviewed_at"":""2026-09-11T06:18:22.522+00:00"",""study_date"":""2026-09-11"",""rating"":3,""answer_result"":""mostly"",""answer_text"":null,""previous_state"":2,""stability_days"":19.8166137,""difficulty"":5.07269477,""scheduled_days"":21}]","[{""at"":""2026-09-11T06:18:22.522Z"",""kind"":""recall"",""objective"":""meaning"",""result"":""mostly"",""rating"":3,""assistance"":""none"",""modality"":""typed"",""response_ms"":7813,""replays"":0}]"
ordly-material-v1,2026-09-22T08:53:56.717Z,word,a45a75e0-5686-48a5-935d-c58eb1532267,word,forklare,фоклаа,words/forklare-9980b50f.mp3,объяснять,объяснять [verb; ai],"[{""id"":""fd1235ac-626b-4d2e-8bbb-1fad52b0de84"",""pos"":""verb"",""note"":null,""text"":""объяснять"",""gender"":null,""source"":""ai"",""example"":null,""coverage"":{""produced"":0,""last_seen"":null,""recognized"":0},""created_at"":""2026-09-16T14:40:44Z"",""removed_at"":null,""example_translation"":null}]","объяснять: recognized 0, produced 0, last seen never",verb,,"Kan du forklare, hvordan det virker?","Можешь объяснить, как это работает?",learning,0,true,,2026-09-02T17:15:00.057931+00:00,2026-09-21T14:15:47.403676+00:00,100,fragile,2026-09-22T14:14:13.351+00:00,2,0.73997022,9.9218798,15,2,0,0,1,2026-09-21T14:14:13.351+00:00,15,5,2,8,0,4,6,5,2026-09-03T06:25:41.011+00:00,2026-09-21T14:14:13.351+00:00,3,1,1,0,1,3,0,2026-09-15T14:00:15.724Z,"[{""reviewed_at"":""2026-09-03T06:25:41.011+00:00"",""study_date"":""2026-09-03"",""rating"":1,""answer_result"":""incorrect"",""answer_text"":null,""previous_state"":0,""stability_days"":0.212,""difficulty"":6.4133,""scheduled_days"":0},{""reviewed_at"":""2026-09-03T07:05:19.827+00:00"",""study_date"":""2026-09-03"",""rating"":2,""answer_result"":""mostly"",""answer_text"":""обьяснять"",""previous_state"":1,""stability_days"":0.212,""difficulty"":7.60420977,""scheduled_days"":0},{""reviewed_at"":""2026-09-03T07:14:40.355+00:00"",""study_date"":""2026-09-03"",""rating"":2,""answer_result"":""correct"",""answer_text"":""обьяснить"",""previous_state"":1,""stability_days"":0.212,""difficulty"":8.39479117,""scheduled_days"":0},{""reviewed_at"":""2026-09-03T09:41:55.262+00:00"",""study_date"":""2026-09-03"",""rating"":1,""answer_result"":""incorrect"",""answer_text"":""afgænge"",""previous_state"":1,""stability_days"":0.08335672,""difficulty"":9.45760714,""scheduled_days"":0},{""reviewed_at"":""2026-09-03T09:43:14.659+00:00"",""study_date"":""2026-09-03"",""rating"":3,""answer_result"":""mostly"",""answer_text"":""forklar"",""previous_state"":1,""stability_days"":0.10314065,""difficulty"":9.4433779,""scheduled_days"":0},{""reviewed_at"":""2026-09-03T10:26:53.769+00:00"",""study_date"":""2026-09-03"",""rating"":1,""answer_result"":""incorrect"",""answer_text"":""зависеть"",""previous_state"":1,""stability_days"":0.04252299,""difficulty"":9.80227047,""scheduled_days"":0},{""reviewed_at"":""2026-09-03T10:28:02.548+00:00"",""study_date"":""2026-09-03"",""rating"":3,""answer_result"":""mostly"",""answer_text"":""folklare"",""previous_state"":1,""stability_days"":0.05499808,""difficulty"":9.78769657,""scheduled_days"":0},{""reviewed_at"":""2026-09-03T12:08:04.78+00:00"",""study_date"":""2026-09-03"",""rating"":3,""answer_result"":""correct"",""answer_text"":""обьяснить"",""previous_state"":1,""stability_days"":0.06993906,""difficulty"":9.77313724,""scheduled_days"":1},{""reviewed_at"":""2026-09-04T12:21:04.613+00:00"",""study_date"":""2026-09-04"",""rating"":1,""answer_result"":""incorrect"",""answer_text"":""afhænge"",""previous_state"":2,""stability_days"":0.04060307,""difficulty"":9.91066012,""scheduled_days"":0},{""reviewed_at"":""2026-09-04T12:21:23.732+00:00"",""study_date"":""2026-09-04"",""rating"":3,""answer_result"":""correct"",""answer_text"":""Обьяснить"",""previous_state"":3,""stability_days"":0.05267479,""difficulty"":9.89597783,""scheduled_days"":1},{""reviewed_at"":""2026-09-07T14:32:59.121+00:00"",""study_date"":""2026-09-07"",""rating"":3,""answer_result"":""mostly"",""answer_text"":""обьяснять"",""previous_state"":2,""stability_days"":0.32833031,""difficulty"":9.88131022,""scheduled_days"":2},{""reviewed_at"":""2026-09-11T06:22:21.931+00:00"",""study_date"":""2026-09-11"",""rating"":3,""answer_result"":""mostly"",""answer_text"":null,""previous_state"":2,""stability_days"":1.18086125,""difficulty"":9.86665728,""scheduled_days"":2},{""reviewed_at"":""2026-09-15T14:00:15.724+00:00"",""study_date"":""2026-09-15"",""rating"":3,""answer_result"":""correct"",""answer_text"":null,""previous_state"":2,""stability_days"":2.65756742,""difficulty"":9.85201899,""scheduled_days"":4},{""reviewed_at"":""2026-09-21T14:12:05.626+00:00"",""study_date"":""2026-09-21"",""rating"":1,""answer_result"":""incorrect"",""answer_text"":null,""previous_state"":2,""stability_days"":0.6870713,""difficulty"":9.93658802,""scheduled_days"":0},{""reviewed_at"":""2026-09-21T14:14:13.351+00:00"",""study_date"":""2026-09-21"",""rating"":3,""answer_result"":""mostly"",""answer_text"":""forklar"",""previous_state"":3,""stability_days"":0.73997022,""difficulty"":9.9218798,""scheduled_days"":1}]","[{""at"":""2026-09-11T06:20:22.983Z"",""kind"":""recall"",""objective"":""meaning"",""result"":""ungraded"",""rating"":3,""assistance"":""hint"",""modality"":""typed"",""response_ms"":33098,""replays"":0},{""at"":""2026-09-11T06:22:21.931Z"",""kind"":""recall"",""objective"":""meaning"",""result"":""mostly"",""rating"":3,""assistance"":""none"",""modality"":""typed"",""response_ms"":19619,""replays"":0},{""at"":""2026-09-15T14:00:15.724Z"",""kind"":""recall"",""objective"":""meaning"",""result"":""correct"",""rating"":3,""assistance"":""none"",""modality"":""typed"",""response_ms"":7655.999999999942,""replays"":0}]"
ordly-material-v1,2026-09-22T08:53:56.717Z,word,139a894e-7e27-4f9c-bd0d-069160c843b2,word,hvem,вэ́м,words/hvem-0d121443.mp3,кто,кто [pronoun; ai],"[{""id"":""854de5e8-2cf7-4281-8f02-874f3274abba"",""pos"":""pronoun"",""note"":null,""text"":""кто"",""gender"":null,""source"":""ai"",""example"":null,""coverage"":{""produced"":0,""last_seen"":null,""recognized"":0},""created_at"":""2026-09-16T14:40:44Z"",""removed_at"":null,""example_translation"":null}]","кто: recognized 0, produced 0, last seen never",pronoun,,Hvem er din ven?,Кто твой друг?,learning,0,true,,2026-09-07T17:27:31.791735+00:00,2026-09-21T14:15:47.403676+00:00,91,growing,2026-09-22T10:28:23.812+00:00,2,10.96433194,2.11121424,2,0,0,2,10,2026-09-12T10:28:23.812+00:00,2,0,0,2,0,2,0,0,2026-09-10T08:02:11.021+00:00,2026-09-12T10:28:23.812+00:00,0,0,0,0,0,0,0,,"[{""reviewed_at"":""2026-09-10T08:02:11.021+00:00"",""study_date"":""2026-09-10"",""rating"":3,""answer_result"":""correct"",""answer_text"":""кто"",""previous_state"":0,""stability_days"":2.3065,""difficulty"":2.11810397,""scheduled_days"":0},{""reviewed_at"":""2026-09-12T10:28:23.812+00:00"",""study_date"":""2026-09-12"",""rating"":3,""answer_result"":""correct"",""answer_text"":""кто"",""previous_state"":1,""stability_days"":10.96433194,""difficulty"":2.11121424,""scheduled_days"":10}]",[]
ordly-material-v1,2026-09-22T08:53:56.717Z,word,84cf7c23-eab8-4b63-b4c0-aa541c811452,word,situation,ситуацио́н,words/situation-eea0325f.mp3,ситуация,"ситуация [noun, en; ai]","[{""id"":""84317a13-22dc-4211-8f00-c841ae800eba"",""pos"":""noun"",""note"":null,""text"":""ситуация"",""gender"":""en"",""source"":""ai"",""example"":null,""coverage"":{""produced"":0,""last_seen"":null,""recognized"":0},""created_at"":""2026-09-16T14:40:44Z"",""removed_at"":null,""example_translation"":null}]","ситуация: recognized 0, produced 0, last seen never",noun,en,Hvad er situationen?,Какова ситуация?,learning,0,true,,2026-09-02T17:13:00.284355+00:00,2026-09-21T14:15:47.403676+00:00,91,growing,2026-09-23T11:55:55.726+00:00,2,18.53433169,1,3,0,0,2,18,2026-09-05T11:55:55.726+00:00,3,0,0,2,1,3,0,0,2026-09-03T06:22:36.738+00:00,2026-09-05T11:55:55.726+00:00,0,0,0,0,0,0,0,,"[{""reviewed_at"":""2026-09-03T06:22:36.738+00:00"",""study_date"":""2026-09-03"",""rating"":3,""answer_result"":""correct"",""answer_text"":null,""previous_state"":0,""stability_days"":2.3065,""difficulty"":2.11810397,""scheduled_days"":0},{""reviewed_at"":""2026-09-03T07:10:07.948+00:00"",""study_date"":""2026-09-03"",""rating"":3,""answer_result"":""correct"",""answer_text"":""ситуация"",""previous_state"":1,""stability_days"":2.3065,""difficulty"":2.11121424,""scheduled_days"":2},{""reviewed_at"":""2026-09-05T11:55:55.726+00:00"",""study_date"":""2026-09-05"",""rating"":4,""answer_result"":""correct"",""answer_text"":""ситуация"",""previous_state"":2,""stability_days"":18.53433169,""difficulty"":1,""scheduled_days"":18}]",[]
ordly-material-v1,2026-09-22T08:53:56.717Z,word,97bde280-29e9-4f19-9600-e50baa90eb74,word,plan,плэ́н,words/plan-bed97175.mp3,план,"план [noun, en; ai]","[{""id"":""9fa1ffd2-f7b5-463c-a84e-92670c2fe52c"",""pos"":""noun"",""note"":null,""text"":""план"",""gender"":""en"",""source"":""ai"",""example"":null,""coverage"":{""produced"":0,""last_seen"":null,""recognized"":0},""created_at"":""2026-09-16T14:40:44Z"",""removed_at"":null,""example_translation"":null}]","план: recognized 0, produced 0, last seen never",noun,en,Jeg har en plan.,У меня есть план.,learning,0,true,,2026-09-03T12:31:02.727627+00:00,2026-09-21T14:15:47.403676+00:00,94,growing,2026-10-06T14:34:16.402+00:00,2,28.30520394,1,3,0,0,4,29,2026-09-07T14:34:16.402+00:00,3,0,0,2,1,2,0,1,2026-09-03T14:44:13.747+00:00,2026-09-07T14:34:16.402+00:00,0,0,0,0,0,0,0,,"[{""reviewed_at"":""2026-09-03T14:44:13.747+00:00"",""study_date"":""2026-09-03"",""rating"":3,""answer_result"":""incorrect"",""answer_text"":""планировать"",""previous_state"":0,""stability_days"":2.3065,""difficulty"":2.11810397,""scheduled_days"":0},{""reviewed_at"":""2026-09-03T20:33:30.487+00:00"",""study_date"":""2026-09-03"",""rating"":3,""answer_result"":""correct"",""answer_text"":""план"",""previous_state"":1,""stability_days"":2.3065,""difficulty"":2.11121424,""scheduled_days"":2},{""reviewed_at"":""2026-09-07T14:34:16.402+00:00"",""study_date"":""2026-09-07"",""rating"":4,""answer_result"":""correct"",""answer_text"":""план"",""previous_state"":2,""stability_days"":28.30520394,""difficulty"":1,""scheduled_days"":29}]",[]
ordly-material-v1,2026-09-22T08:53:56.717Z,word,031785e1-e6d5-4eeb-85ba-8ee237b31dfa,word,rejse,ра́йс,words/rejse-346f2b4e.mp3,"путешествовать, поездка","путешествовать [verb; ai] | поездка [noun, en; ai]","[{""id"":""295ae0db-6b87-4b2c-8874-03e9f095f32c"",""pos"":""verb"",""note"":null,""text"":""путешествовать"",""gender"":null,""source"":""ai"",""example"":null,""coverage"":{""produced"":0,""last_seen"":null,""recognized"":0},""created_at"":""2026-09-16T14:40:44Z"",""removed_at"":null,""example_translation"":null},{""id"":""650da827-9c4b-42ee-a9b4-be3bad990457"",""pos"":""noun"",""note"":null,""text"":""поездка"",""gender"":""en"",""source"":""ai"",""example"":null,""coverage"":{""produced"":0,""last_seen"":""2026-09-16T17:51:07.176Z"",""recognized"":1},""created_at"":""2026-09-16T14:40:44Z"",""removed_at"":null,""example_translation"":null}]","путешествовать: recognized 0, produced 0, last seen never | поездка: recognized 1, produced 0, last seen 2026-09-16T17:51:07.176Z",verb | noun,en,Jeg vil gerne rejse til Spanien.,Я хочу поехать в Испанию.,learning,0,true,,2026-09-15T15:47:06.984447+00:00,2026-09-21T14:15:47.403676+00:00,94,growing,2026-09-25T21:09:30.523+00:00,2,7.31530068,2.11121424,2,0,0,1,8,2026-09-17T21:09:30.523+00:00,2,0,0,2,0,2,0,0,2026-09-16T17:51:07.062+00:00,2026-09-17T21:09:30.523+00:00,0,0,0,0,0,0,0,,"[{""reviewed_at"":""2026-09-16T17:51:07.062+00:00"",""study_date"":""2026-09-16"",""rating"":3,""answer_result"":""correct"",""answer_text"":""поездка"",""previous_state"":0,""stability_days"":2.3065,""difficulty"":2.11810397,""scheduled_days"":0},{""reviewed_at"":""2026-09-17T21:09:30.523+00:00"",""study_date"":""2026-09-17"",""rating"":3,""answer_result"":""correct"",""answer_text"":""путешествие"",""previous_state"":1,""stability_days"":7.31530068,""difficulty"":2.11121424,""scheduled_days"":8}]",[]
ordly-material-v1,2026-09-22T08:53:56.717Z,word,e448b452-6924-4788-946d-dd8f371c52e2,word,prøve,прёёве,words/proeve-eb8bd846.mp3,"тест, попытка","тест [noun, en; ai] | попытка [noun, en; ai]","[{""id"":""49600b50-9774-4f4a-a2a8-c057ddc7f0ba"",""pos"":""noun"",""note"":null,""text"":""тест"",""gender"":""en"",""source"":""ai"",""example"":null,""coverage"":{""produced"":0,""last_seen"":null,""recognized"":0},""created_at"":""2026-09-16T14:40:44Z"",""removed_at"":null,""example_translation"":null},{""id"":""105853fc-1dab-4409-9ba8-0d4a51ff8c21"",""pos"":""noun"",""note"":null,""text"":""попытка"",""gender"":""en"",""source"":""ai"",""example"":null,""coverage"":{""produced"":0,""last_seen"":null,""recognized"":0},""created_at"":""2026-09-16T14:40:44Z"",""removed_at"":null,""example_translation"":null}]","тест: recognized 0, produced 0, last seen never | попытка: recognized 0, produced 0, last seen never",noun,en,Jeg vil prøve at spise æble.,Я хочу попробовать съесть яблоко.,learning,0,true,,2026-09-04T16:18:59.687468+00:00,2026-09-21T14:15:47.403676+00:00,100,growing,2026-09-30T14:14:54.447+00:00,2,7.89131844,8.23298195,6,1,0,4,9,2026-09-21T14:14:54.447+00:00,6,1,1,4,0,2,1,2,2026-09-04T20:33:00.418+00:00,2026-09-21T14:14:54.447+00:00,2,0,0,1,1,2,0,2026-09-15T13:57:38.365Z,"[{""reviewed_at"":""2026-09-04T20:33:00.418+00:00"",""study_date"":""2026-09-04"",""rating"":3,""answer_result"":""correct"",""answer_text"":""пробовать"",""previous_state"":0,""stability_days"":2.3065,""difficulty"":2.11810397,""scheduled_days"":0},{""reviewed_at"":""2026-09-05T11:52:51.17+00:00"",""study_date"":""2026-09-05"",""rating"":3,""answer_result"":""incorrect"",""answer_text"":""попробовать"",""previous_state"":1,""stability_days"":7.31530068,""difficulty"":2.11121424,""scheduled_days"":7},{""reviewed_at"":""2026-09-15T13:57:38.365+00:00"",""study_date"":""2026-09-15"",""rating"":3,""answer_result"":null,""answer_text"":null,""previous_state"":3,""stability_days"":1.3357205,""difficulty"":7.38007427,""scheduled_days"":1},{""reviewed_at"":""2026-09-15T13:56:59.815+00:00"",""study_date"":""2026-09-15"",""rating"":1,""answer_result"":""incorrect"",""answer_text"":null,""previous_state"":2,""stability_days"":1.29291426,""difficulty"":7.39223814,""scheduled_days"":0},{""reviewed_at"":""2026-09-17T21:04:55.156+00:00"",""study_date"":""2026-09-17"",""rating"":2,""answer_result"":""mostly"",""answer_text"":""prøven"",""previous_state"":2,""stability_days"":3.30067904,""difficulty"":8.24599958,""scheduled_days"":3},{""reviewed_at"":""2026-09-21T14:14:54.447+00:00"",""study_date"":""2026-09-21"",""rating"":3,""answer_result"":""correct"",""answer_text"":""тест, попытка"",""previous_state"":2,""stability_days"":7.89131844,""difficulty"":8.23298195,""scheduled_days"":9}]","[{""at"":""2026-09-15T13:56:59.815Z"",""kind"":""recall"",""objective"":""meaning"",""result"":""incorrect"",""rating"":1,""assistance"":""model"",""modality"":""typed"",""response_ms"":9898,""replays"":0},{""at"":""2026-09-15T13:57:38.365Z"",""kind"":""recall"",""objective"":""meaning"",""result"":""ungraded"",""rating"":3,""assistance"":""none"",""modality"":""typed"",""response_ms"":9739,""replays"":0}]"
ordly-material-v1,2026-09-22T08:53:56.717Z,word,02de4255-f0cd-4382-ad7a-5647c7105525,word,virke,ви́рге,words/virke-82ac3586.mp3,работать,работать [verb; ai],"[{""id"":""a0167e75-9e9f-4937-8b01-62f53fa06fa0"",""pos"":""verb"",""note"":null,""text"":""работать"",""gender"":null,""source"":""ai"",""example"":null,""coverage"":{""produced"":0,""last_seen"":null,""recognized"":0},""created_at"":""2026-09-16T14:40:44Z"",""removed_at"":null,""example_translation"":null}]","работать: recognized 0, produced 0, last seen never",verb,,"Det virker som om, det regner.","Похоже, идёт дождь.",learning,0,true,,2026-09-04T16:24:14.689177+00:00,2026-09-21T14:15:47.403676+00:00,96,strong,2026-10-18T10:30:24.848+00:00,2,31.67922703,2.1043314,3,0,0,7,36,2026-09-12T10:30:24.848+00:00,3,0,0,3,0,3,0,0,2026-09-04T21:07:27.642+00:00,2026-09-12T10:30:24.848+00:00,0,0,0,0,0,0,0,,"[{""reviewed_at"":""2026-09-04T21:07:27.642+00:00"",""study_date"":""2026-09-04"",""rating"":3,""answer_result"":""correct"",""answer_text"":""работает"",""previous_state"":0,""stability_days"":2.3065,""difficulty"":2.11810397,""scheduled_days"":0},{""reviewed_at"":""2026-09-05T11:54:55.972+00:00"",""study_date"":""2026-09-05"",""rating"":3,""answer_result"":""correct"",""answer_text"":""работает"",""previous_state"":1,""stability_days"":7.31530068,""difficulty"":2.11121424,""scheduled_days"":5},{""reviewed_at"":""2026-09-12T10:30:24.848+00:00"",""study_date"":""2026-09-12"",""rating"":3,""answer_result"":""correct"",""answer_text"":""работает"",""previous_state"":2,""stability_days"":31.67922703,""difficulty"":2.1043314,""scheduled_days"":36}]",[]
ordly-material-v1,2026-09-22T08:53:56.717Z,word,56163451-3fab-4e89-8533-9ef4b99b71d5,word,håbe,хо́ба,words/haabe-5b0eca9a.mp3,надеяться,надеяться [verb; ai],"[{""id"":""b295bf93-1118-4120-a368-934851abeafb"",""pos"":""verb"",""note"":null,""text"":""надеяться"",""gender"":null,""source"":""ai"",""example"":null,""coverage"":{""produced"":0,""last_seen"":null,""recognized"":0},""created_at"":""2026-09-16T14:40:44Z"",""removed_at"":null,""example_translation"":null}]","надеяться: recognized 0, produced 0, last seen never",verb,,"Jeg håber, du har det godt.","Я надеюсь, что у тебя всё хорошо.",learning,0,true,,2026-09-03T12:21:28.15939+00:00,2026-09-21T14:15:47.403676+00:00,94,growing,2026-10-08T14:34:10.314+00:00,2,28.30520394,1,3,0,0,4,31,2026-09-07T14:34:10.314+00:00,3,0,0,2,1,3,0,0,2026-09-03T14:43:56.304+00:00,2026-09-07T14:34:10.314+00:00,0,0,0,0,0,0,0,,"[{""reviewed_at"":""2026-09-03T14:43:56.304+00:00"",""study_date"":""2026-09-03"",""rating"":3,""answer_result"":""correct"",""answer_text"":""надеяться"",""previous_state"":0,""stability_days"":2.3065,""difficulty"":2.11810397,""scheduled_days"":0},{""reviewed_at"":""2026-09-03T20:33:23.206+00:00"",""study_date"":""2026-09-03"",""rating"":3,""answer_result"":""correct"",""answer_text"":""Надеяться"",""previous_state"":1,""stability_days"":2.3065,""difficulty"":2.11121424,""scheduled_days"":2},{""reviewed_at"":""2026-09-07T14:34:10.314+00:00"",""study_date"":""2026-09-07"",""rating"":4,""answer_result"":""correct"",""answer_text"":""надеяться"",""previous_state"":2,""stability_days"":28.30520394,""difficulty"":1,""scheduled_days"":31}]",[]
ordly-material-v1,2026-09-22T08:53:56.717Z,word,d3daf4cf-90e2-4334-85b8-40a2b27ce01c,word,lejlighed,ло́йдлихэл,words/lejlighed-5ddb67ae.mp3,квартира,"квартира [noun, en; ai]","[{""id"":""3c523f17-f55b-46f9-a74f-ceec12e94b94"",""pos"":""noun"",""note"":null,""text"":""квартира"",""gender"":""en"",""source"":""ai"",""example"":null,""coverage"":{""produced"":0,""last_seen"":null,""recognized"":0},""created_at"":""2026-09-16T14:40:44Z"",""removed_at"":null,""example_translation"":null}]","квартира: recognized 0, produced 0, last seen never",noun,en,Jeg bor i en lille lejlighed i centrum.,Я живу в небольшой квартире в центре.,learning,0,true,,2026-09-04T16:32:54.305909+00:00,2026-09-21T14:15:47.403676+00:00,98,strong,2026-10-27T14:05:40.318+00:00,2,44.09694232,1,2,0,0,10,42,2026-09-15T14:05:40.318+00:00,2,0,0,1,1,2,0,0,2026-09-05T11:36:29.983+00:00,2026-09-15T14:05:40.318+00:00,0,0,0,0,0,0,0,,"[{""reviewed_at"":""2026-09-05T11:36:29.983+00:00"",""study_date"":""2026-09-05"",""rating"":4,""answer_result"":""correct"",""answer_text"":""квартира"",""previous_state"":0,""stability_days"":8.2956,""difficulty"":1,""scheduled_days"":10},{""reviewed_at"":""2026-09-15T14:05:40.318+00:00"",""study_date"":""2026-09-15"",""rating"":3,""answer_result"":""correct"",""answer_text"":""квартира"",""previous_state"":2,""stability_days"":44.09694232,""difficulty"":1,""scheduled_days"":42}]",[]
ordly-material-v1,2026-09-22T08:53:56.717Z,word,510a7e1e-4218-45b2-a4f7-5b34472620ab,word,støtte,стё́тэ,words/stoette-4fdf9e01.mp3,поддержка,"поддержка [noun, en; ai]","[{""id"":""f971a04f-1f9c-46a2-93d5-6c4346f8781f"",""pos"":""noun"",""note"":null,""text"":""поддержка"",""gender"":""en"",""source"":""ai"",""example"":null,""coverage"":{""produced"":0,""last_seen"":""2026-09-21T13:59:50.654Z"",""recognized"":1},""created_at"":""2026-09-16T14:40:44Z"",""removed_at"":null,""example_translation"":null}]","поддержка: recognized 1, produced 0, last seen 2026-09-21T13:59:50.654Z",noun,en,Han støtter mig.,Он меня поддерживает.,learning,0,true,,2026-09-05T11:35:58.141296+00:00,2026-09-21T14:15:47.403676+00:00,100,fragile,2026-09-22T13:59:50.577+00:00,2,0.8708774,9.94496522,11,1,0,4,1,2026-09-21T13:59:50.577+00:00,11,6,2,3,0,6,0,5,2026-09-06T09:07:40.085+00:00,2026-09-21T13:59:50.577+00:00,2,2,0,0,0,2,0,2026-09-15T14:00:05.972Z,"[{""reviewed_at"":""2026-09-06T09:07:40.085+00:00"",""study_date"":""2026-09-06"",""rating"":1,""answer_result"":""correct"",""answer_text"":""поддержка"",""previous_state"":0,""stability_days"":0.212,""difficulty"":6.4133,""scheduled_days"":0},{""reviewed_at"":""2026-09-07T14:34:24.783+00:00"",""study_date"":""2026-09-07"",""rating"":1,""answer_result"":""incorrect"",""answer_text"":null,""previous_state"":1,""stability_days"":0.10088579,""difficulty"":8.80630447,""scheduled_days"":0},{""reviewed_at"":""2026-09-07T14:39:39.257+00:00"",""study_date"":""2026-09-07"",""rating"":1,""answer_result"":""incorrect"",""answer_text"":null,""previous_state"":1,""stability_days"":0.0416539,""difficulty"":9.59286876,""scheduled_days"":0},{""reviewed_at"":""2026-09-07T14:40:04.921+00:00"",""study_date"":""2026-09-07"",""rating"":2,""answer_result"":""correct"",""answer_text"":""sttote"",""previous_state"":1,""stability_days"":0.0416539,""difficulty"":9.71495568,""scheduled_days"":0},{""reviewed_at"":""2026-09-08T13:50:22.943+00:00"",""study_date"":""2026-09-08"",""rating"":1,""answer_result"":""incorrect"",""answer_text"":""afhænge"",""previous_state"":1,""stability_days"":0.02644598,""difficulty"":9.89153624,""scheduled_days"":0},{""reviewed_at"":""2026-09-10T08:07:06.957+00:00"",""study_date"":""2026-09-10"",""rating"":1,""answer_result"":""incorrect"",""answer_text"":null,""previous_state"":1,""stability_days"":0.01978013,""difficulty"":9.94957707,""scheduled_days"":0},{""reviewed_at"":""2026-09-12T10:28:18.581+00:00"",""study_date"":""2026-09-12"",""rating"":2,""answer_result"":""correct"",""answer_text"":""sttøte"",""previous_state"":1,""stability_days"":0.09771962,""difficulty"":9.95175528,""scheduled_days"":0},{""reviewed_at"":""2026-09-12T23:55:20.024+00:00"",""study_date"":""2026-09-13"",""rating"":3,""answer_result"":""correct"",""answer_text"":""поддержка"",""previous_state"":1,""stability_days"":0.11965425,""difficulty"":9.93703189,""scheduled_days"":0},{""reviewed_at"":""2026-09-15T14:00:05.972+00:00"",""study_date"":""2026-09-15"",""rating"":3,""answer_result"":""correct"",""answer_text"":null,""previous_state"":1,""stability_days"":0.5528356,""difficulty"":9.92232323,""scheduled_days"":1},{""reviewed_at"":""2026-09-17T21:05:51.877+00:00"",""study_date"":""2026-09-17"",""rating"":1,""answer_result"":""incorrect"",""answer_text"":""следующий"",""previous_state"":2,""stability_days"":0.2227747,""difficulty"":9.95969655,""scheduled_days"":0},{""reviewed_at"":""2026-09-21T13:59:50.577+00:00"",""study_date"":""2026-09-21"",""rating"":3,""answer_result"":""correct"",""answer_text"":""поддержка"",""previous_state"":3,""stability_days"":0.8708774,""difficulty"":9.94496522,""scheduled_days"":1}]","[{""at"":""2026-09-15T13:59:28.391Z"",""kind"":""recall"",""objective"":""meaning"",""result"":""correct"",""rating"":2,""assistance"":""hint"",""modality"":""typed"",""response_ms"":33167,""replays"":0},{""at"":""2026-09-15T14:00:05.972Z"",""kind"":""recall"",""objective"":""meaning"",""result"":""correct"",""rating"":3,""assistance"":""none"",""modality"":""typed"",""response_ms"":5111,""replays"":0}]"
ordly-material-v1,2026-09-22T08:53:56.717Z,word,a8d0eafd-36da-4d58-a1d9-b60dcc681c99,word,foreslå,фо́осло,words/foreslaa-7f3bf436.mp3,предлагать,предлагать [verb; ai],"[{""id"":""1e36c3f4-91e7-4316-a14c-1f3a27482a88"",""pos"":""verb"",""note"":null,""text"":""предлагать"",""gender"":null,""source"":""ai"",""example"":null,""coverage"":{""produced"":0,""last_seen"":null,""recognized"":0},""created_at"":""2026-09-16T14:40:44Z"",""removed_at"":null,""example_translation"":null}]","предлагать: recognized 0, produced 0, last seen never",verb,,Kan du foreslå en god restaurant?,Можешь предложить хороший ресторан?,learning,0,true,,2026-09-07T16:50:20.941382+00:00,2026-09-21T14:15:47.403676+00:00,100,building,2026-09-25T13:49:30.098+00:00,2,3.68449856,9.41883467,8,1,0,5,4,2026-09-21T13:49:30.098+00:00,8,2,2,4,0,6,0,2,2026-09-09T14:54:13.459+00:00,2026-09-21T13:49:30.098+00:00,3,1,0,2,0,3,0,2026-09-12T10:25:49.344Z,"[{""reviewed_at"":""2026-09-09T14:54:13.459+00:00"",""study_date"":""2026-09-09"",""rating"":1,""answer_result"":""incorrect"",""answer_text"":null,""previous_state"":0,""stability_days"":0.212,""difficulty"":6.4133,""scheduled_days"":0},{""reviewed_at"":""2026-09-09T14:55:54.421+00:00"",""study_date"":""2026-09-09"",""rating"":2,""answer_result"":""correct"",""answer_text"":""предлагать"",""previous_state"":1,""stability_days"":0.212,""difficulty"":7.60420977,""scheduled_days"":0},{""reviewed_at"":""2026-09-12T10:25:49.344+00:00"",""study_date"":""2026-09-12"",""rating"":3,""answer_result"":""correct"",""answer_text"":null,""previous_state"":1,""stability_days"":2.09914153,""difficulty"":7.59183393,""scheduled_days"":0},{""reviewed_at"":""2026-09-12T23:56:15.183+00:00"",""study_date"":""2026-09-13"",""rating"":3,""answer_result"":""correct"",""answer_text"":""føreslar"",""previous_state"":1,""stability_days"":2.10057663,""difficulty"":7.57947047,""scheduled_days"":2},{""reviewed_at"":""2026-09-15T14:05:16.128+00:00"",""study_date"":""2026-09-15"",""rating"":1,""answer_result"":""incorrect"",""answer_text"":null,""previous_state"":2,""stability_days"":0.55893337,""difficulty"":9.18961678,""scheduled_days"":0},{""reviewed_at"":""2026-09-15T14:06:22.46+00:00"",""study_date"":""2026-09-15"",""rating"":2,""answer_result"":""correct"",""answer_text"":""foreslå"",""previous_state"":3,""stability_days"":0.55893337,""difficulty"":9.44725823,""scheduled_days"":0},{""reviewed_at"":""2026-09-16T15:07:36.814+00:00"",""study_date"":""2026-09-16"",""rating"":3,""answer_result"":""correct"",""answer_text"":""foreslå"",""previous_state"":3,""stability_days"":1.31754112,""difficulty"":9.43303934,""scheduled_days"":1},{""reviewed_at"":""2026-09-21T13:49:30.098+00:00"",""study_date"":""2026-09-21"",""rating"":3,""answer_result"":""correct"",""answer_text"":""предложить"",""previous_state"":2,""stability_days"":3.68449856,""difficulty"":9.41883467,""scheduled_days"":4}]","[{""at"":""2026-09-12T10:22:55.466Z"",""kind"":""recall"",""objective"":""meaning"",""result"":""incorrect"",""rating"":2,""assistance"":""model"",""modality"":""typed"",""response_ms"":16481,""replays"":0},{""at"":""2026-09-12T10:25:12.514Z"",""kind"":""recall"",""objective"":""meaning"",""result"":""incorrect"",""rating"":3,""assistance"":""model"",""modality"":""typed"",""response_ms"":19161,""replays"":0},{""at"":""2026-09-12T10:25:49.344Z"",""kind"":""recall"",""objective"":""meaning"",""result"":""correct"",""rating"":3,""assistance"":""none"",""modality"":""typed"",""response_ms"":7926,""replays"":0}]"
ordly-material-v1,2026-09-22T08:53:56.717Z,word,42ee44bd-26eb-4f3b-a780-d1d0fe29add5,word,sjov,,words/sjov-dab3aec8.mp3,"забавный, весёлый",забавный [adverb; ai] | весёлый [adverb; ai],"[{""id"":""c3416c51-b6b8-4563-af96-e69402e67659"",""pos"":""adverb"",""note"":null,""text"":""забавный"",""gender"":null,""source"":""ai"",""example"":null,""coverage"":{""produced"":0,""last_seen"":null,""recognized"":0},""created_at"":""2026-09-16T14:40:44Z"",""removed_at"":null,""example_translation"":null},{""id"":""3d0db210-93aa-487a-9446-1ba2ce714df6"",""pos"":""adverb"",""note"":null,""text"":""весёлый"",""gender"":null,""source"":""ai"",""example"":null,""coverage"":{""produced"":0,""last_seen"":null,""recognized"":0},""created_at"":""2026-09-16T14:40:44Z"",""removed_at"":null,""example_translation"":null}]","забавный: recognized 0, produced 0, last seen never | весёлый: recognized 0, produced 0, last seen never",adverb,,Det er sjovt at spille spil.,Это весело играть в игры.,learning,0,true,,2026-09-04T21:09:34.66673+00:00,2026-09-21T14:15:47.403676+00:00,92,growing,2026-09-22T10:29:01.694+00:00,2,12.14554369,8.52276861,6,0,0,2,10,2026-09-12T10:29:01.694+00:00,6,0,4,2,0,0,3,3,2026-09-05T11:53:47.129+00:00,2026-09-12T10:29:01.694+00:00,0,0,0,0,0,0,0,,"[{""reviewed_at"":""2026-09-05T11:53:47.129+00:00"",""study_date"":""2026-09-05"",""rating"":2,""answer_result"":""incorrect"",""answer_text"":""смешить"",""previous_state"":0,""stability_days"":1.2931,""difficulty"":5.11217071,""scheduled_days"":0},{""reviewed_at"":""2026-09-06T09:10:52.134+00:00"",""study_date"":""2026-09-06"",""rating"":3,""answer_result"":""mostly"",""answer_text"":""веселиться"",""previous_state"":1,""stability_days"":4.54602939,""difficulty"":5.10228691,""scheduled_days"":0},{""reviewed_at"":""2026-09-07T14:35:33.637+00:00"",""study_date"":""2026-09-07"",""rating"":2,""answer_result"":""mostly"",""answer_text"":""веселить, смешить"",""previous_state"":1,""stability_days"":6.49259838,""difficulty"":6.73389818,""scheduled_days"":0},{""reviewed_at"":""2026-09-08T13:50:06.442+00:00"",""study_date"":""2026-09-08"",""rating"":2,""answer_result"":""incorrect"",""answer_text"":""showt"",""previous_state"":1,""stability_days"":7.85852485,""difficulty"":7.81703778,""scheduled_days"":0},{""reviewed_at"":""2026-09-10T08:14:12.035+00:00"",""study_date"":""2026-09-10"",""rating"":2,""answer_result"":""mostly"",""answer_text"":""shovt"",""previous_state"":1,""stability_days"":9.74856475,""difficulty"":8.53607632,""scheduled_days"":0},{""reviewed_at"":""2026-09-12T10:29:01.694+00:00"",""study_date"":""2026-09-12"",""rating"":3,""answer_result"":""incorrect"",""answer_text"":""смешить, веселить"",""previous_state"":1,""stability_days"":12.14554369,""difficulty"":8.52276861,""scheduled_days"":10}]",[]
ordly-material-v1,2026-09-22T08:53:56.717Z,word,b7b42b4b-2add-4a39-bfe2-b78cffe24759,word,dejlig,,words/dejlig-9a1e4eaa.mp3,"прекрасный, замечательный",прекрасный [adjective; ai] | замечательный [adjective; ai],"[{""id"":""8463cbfe-000c-489e-8a48-f9377e17a328"",""pos"":""adjective"",""note"":null,""text"":""прекрасный"",""gender"":null,""source"":""ai"",""example"":null,""coverage"":{""produced"":0,""last_seen"":null,""recognized"":0},""created_at"":""2026-09-16T14:40:44Z"",""removed_at"":null,""example_translation"":null},{""id"":""f75c181a-84f0-4a22-af75-8ce0d1ed423b"",""pos"":""adjective"",""note"":null,""text"":""замечательный"",""gender"":null,""source"":""ai"",""example"":null,""coverage"":{""produced"":0,""last_seen"":null,""recognized"":0},""created_at"":""2026-09-16T14:40:44Z"",""removed_at"":null,""example_translation"":null}]","прекрасный: recognized 0, produced 0, last seen never | замечательный: recognized 0, produced 0, last seen never",adjective,,Det er dejligt vejr i dag.,Сегодня прекрасная погода.,learning,0,true,,2026-09-07T16:08:03.433667+00:00,2026-09-21T14:15:47.403676+00:00,90,growing,2026-09-22T10:01:14.088+00:00,2,10.96433194,2.11121424,2,0,0,2,12,2026-09-10T10:01:14.088+00:00,2,0,0,2,0,1,0,1,2026-09-08T13:51:38.491+00:00,2026-09-10T10:01:14.088+00:00,0,0,0,0,0,0,0,,"[{""reviewed_at"":""2026-09-08T13:51:38.491+00:00"",""study_date"":""2026-09-08"",""rating"":3,""answer_result"":""incorrect"",""answer_text"":""отличный"",""previous_state"":0,""stability_days"":2.3065,""difficulty"":2.11810397,""scheduled_days"":0},{""reviewed_at"":""2026-09-10T10:01:14.088+00:00"",""study_date"":""2026-09-10"",""rating"":3,""answer_result"":""correct"",""answer_text"":""прекрасный"",""previous_state"":1,""stability_days"":10.96433194,""difficulty"":2.11121424,""scheduled_days"":12}]",[]
ordly-material-v1,2026-09-22T08:53:56.717Z,word,bd184704-5c3a-4e67-819f-68b3caa68ac1,word,i,и,words/i-042dc451.mp3,в течение (о продолжительности времени),в течение (о продолжительности времени) [preposition; ai],"[{""id"":""398bafa2-a639-5818-b039-89b347b15d76"",""pos"":""preposition"",""note"":null,""text"":""в течение (о продолжительности времени)"",""gender"":null,""locked"":false,""source"":""ai"",""example"":null,""coverage"":{""produced"":0,""last_seen"":null,""recognized"":0},""created_at"":""2026-09-21T06:38:50.923Z"",""removed_at"":null,""example_translation"":null},{""id"":""ac959d8e-e379-5c19-b5db-2162dc882745"",""pos"":""preposition"",""note"":null,""text"":""в"",""gender"":null,""locked"":true,""source"":""ai"",""example"":null,""coverage"":{""produced"":0,""last_seen"":null,""recognized"":0},""created_at"":""2026-09-21T06:38:50.923Z"",""removed_at"":null,""example_translation"":null}]","в течение (о продолжительности времени): recognized 0, produced 0, last seen never",preposition,,Jeg ventede i to timer.,Я ждал два часа.,learning,0,false,i,2026-09-21T06:43:03.086569+00:00,2026-09-21T16:57:49.665132+00:00,100,fragile,2026-09-22T16:57:49.574+00:00,2,0.28420636,6.39094132,3,0,0,0,1,2026-09-21T16:57:49.574+00:00,3,1,0,2,0,2,0,1,2026-09-21T14:15:38.711+00:00,2026-09-21T16:57:49.574+00:00,0,0,0,0,0,0,0,,"[{""reviewed_at"":""2026-09-21T14:15:38.711+00:00"",""study_date"":""2026-09-21"",""rating"":1,""answer_result"":""incorrect"",""answer_text"":""в"",""previous_state"":0,""stability_days"":0.212,""difficulty"":6.4133,""scheduled_days"":0},{""reviewed_at"":""2026-09-21T16:18:15.663+00:00"",""study_date"":""2026-09-21"",""rating"":3,""answer_result"":""correct"",""answer_text"":""в течении времени"",""previous_state"":1,""stability_days"":0.24668919,""difficulty"":6.40211507,""scheduled_days"":0},{""reviewed_at"":""2026-09-21T16:57:49.574+00:00"",""study_date"":""2026-09-21"",""rating"":3,""answer_result"":""correct"",""answer_text"":""в течении"",""previous_state"":1,""stability_days"":0.28420636,""difficulty"":6.39094132,""scheduled_days"":1}]",[]
ordly-material-v1,2026-09-22T08:53:56.717Z,word,a48286b1-3397-43b4-902f-4db06c5938d1,word,nødvendig,,words/noedvendig-01ea4502.mp3,"необходимый, нужный","необходимый, нужный [adjective; ai]","[{""id"":""82022bcd-7ffe-42e2-b11f-d97478599b6b"",""pos"":""adjective"",""note"":null,""text"":""необходимый, нужный"",""gender"":null,""source"":""ai"",""example"":null,""coverage"":{""produced"":0,""last_seen"":""2026-09-17T12:38:07.248Z"",""recognized"":1},""created_at"":""2026-09-16T14:40:44Z"",""removed_at"":null,""example_translation"":null},{""id"":""1aa2d0bf-0063-402a-9f65-1c6f2c5c1111"",""pos"":null,""note"":null,""text"":""нужный"",""gender"":null,""source"":""split"",""example"":null,""coverage"":{""produced"":0,""last_seen"":null,""recognized"":0},""created_at"":""2026-09-16T14:40:44Z"",""removed_at"":""2026-09-16T14:44:00.978Z"",""example_translation"":null}]","необходимый, нужный: recognized 1, produced 0, last seen 2026-09-17T12:38:07.248Z",adjective,,Det er nødvendigt at tage badetøj med.,Необходимо взять купальник.,learning,0,true,,2026-09-15T16:50:43.437434+00:00,2026-09-21T16:37:59.888151+00:00,100,fragile,2026-09-21T16:47:59.81+00:00,1,0.00449471,9.95875519,8,0,1,0,0,2026-09-21T16:37:59.81+00:00,8,7,0,1,0,1,0,7,2026-09-17T21:00:04.742+00:00,2026-09-21T16:37:59.81+00:00,1,1,0,0,0,1,0,2026-09-17T12:38:02.076Z,"[{""reviewed_at"":""2026-09-17T21:00:04.742+00:00"",""study_date"":""2026-09-17"",""rating"":1,""answer_result"":""incorrect"",""answer_text"":null,""previous_state"":0,""stability_days"":0.212,""difficulty"":6.4133,""scheduled_days"":0},{""reviewed_at"":""2026-09-17T21:05:07.877+00:00"",""study_date"":""2026-09-17"",""rating"":1,""answer_result"":""incorrect"",""answer_text"":""когда либо"",""previous_state"":1,""stability_days"":0.08335672,""difficulty"":8.80630447,""scheduled_days"":0},{""reviewed_at"":""2026-09-17T21:13:57.767+00:00"",""study_date"":""2026-09-17"",""rating"":1,""answer_result"":""incorrect"",""answer_text"":null,""previous_state"":1,""stability_days"":0.03485141,""difficulty"":9.59286876,""scheduled_days"":0},{""reviewed_at"":""2026-09-21T13:58:39.689+00:00"",""study_date"":""2026-09-21"",""rating"":1,""answer_result"":""incorrect"",""answer_text"":null,""previous_state"":1,""stability_days"":0.02743237,""difficulty"":9.85140709,""scheduled_days"":0},{""reviewed_at"":""2026-09-21T14:11:42.103+00:00"",""study_date"":""2026-09-21"",""rating"":1,""answer_result"":""incorrect"",""answer_text"":""nøglegne"",""previous_state"":1,""stability_days"":0.01233966,""difficulty"":9.93638689,""scheduled_days"":0},{""reviewed_at"":""2026-09-21T16:18:02.171+00:00"",""study_date"":""2026-09-21"",""rating"":1,""answer_result"":""incorrect"",""answer_text"":""когда-нибудь"",""previous_state"":1,""stability_days"":0.00585023,""difficulty"":9.96431917,""scheduled_days"":0},{""reviewed_at"":""2026-09-21T16:31:06.007+00:00"",""study_date"":""2026-09-21"",""rating"":1,""answer_result"":""incorrect"",""answer_text"":null,""previous_state"":1,""stability_days"":0.0029132,""difficulty"":9.97350032,""scheduled_days"":0},{""reviewed_at"":""2026-09-21T16:37:59.81+00:00"",""study_date"":""2026-09-21"",""rating"":3,""answer_result"":""correct"",""answer_text"":""необходимо, нужно"",""previous_state"":1,""stability_days"":0.00449471,""difficulty"":9.95875519,""scheduled_days"":0}]","[{""at"":""2026-09-17T12:38:02.076Z"",""kind"":""pick"",""objective"":""meaning"",""result"":""correct"",""rating"":3,""assistance"":""choices"",""modality"":""typed"",""response_ms"":14849,""replays"":0}]"
ordly-material-v1,2026-09-22T08:53:56.717Z,word,5555dd4b-2165-4df9-bb2c-b84efdaf9a89,word,bange,ба́нэ,words/bange-4d8a3ed3.mp3,"испуганный, напуганный","испуганный, напуганный [adjective; ai]","[{""id"":""78706290-c057-46f9-9e75-c29d94815364"",""pos"":""adjective"",""note"":null,""text"":""испуганный, напуганный"",""gender"":null,""source"":""ai"",""example"":null,""coverage"":{""produced"":0,""last_seen"":null,""recognized"":0},""created_at"":""2026-09-16T14:40:44Z"",""removed_at"":null,""example_translation"":null},{""id"":""598f1439-9d67-46d2-a7ee-07e46448b258"",""pos"":null,""note"":null,""text"":""напуганный"",""gender"":null,""source"":""split"",""example"":null,""coverage"":{""produced"":0,""last_seen"":null,""recognized"":0},""created_at"":""2026-09-16T14:40:44Z"",""removed_at"":""2026-09-16T14:59:48.147Z"",""example_translation"":null}]","испуганный, напуганный: recognized 0, produced 0, last seen never",adjective,,Jeg er bange for hunde.,Я боюсь собак.,learning,0,true,,2026-09-15T16:19:18.851702+00:00,2026-09-21T16:56:32.544421+00:00,100,fragile,2026-09-21T17:06:32.392+00:00,1,0.47129052,9.43843208,5,0,1,0,0,2026-09-21T16:56:32.392+00:00,5,2,2,1,0,1,1,3,2026-09-16T17:53:12.495+00:00,2026-09-21T16:56:32.392+00:00,0,0,0,0,0,0,0,,"[{""reviewed_at"":""2026-09-16T17:53:12.495+00:00"",""study_date"":""2026-09-16"",""rating"":1,""answer_result"":""incorrect"",""answer_text"":null,""previous_state"":0,""stability_days"":0.212,""difficulty"":6.4133,""scheduled_days"":0},{""reviewed_at"":""2026-09-17T21:09:09.88+00:00"",""study_date"":""2026-09-17"",""rating"":2,""answer_result"":""incorrect"",""answer_text"":""бояться"",""previous_state"":1,""stability_days"":1.21921728,""difficulty"":7.60420977,""scheduled_days"":0},{""reviewed_at"":""2026-09-21T13:59:06.89+00:00"",""study_date"":""2026-09-21"",""rating"":1,""answer_result"":""incorrect"",""answer_text"":""бояться"",""previous_state"":1,""stability_days"":0.42391261,""difficulty"":9.19774841,""scheduled_days"":0},{""reviewed_at"":""2026-09-21T16:15:42.719+00:00"",""study_date"":""2026-09-21"",""rating"":2,""answer_result"":""mostly"",""answer_text"":""бояться"",""previous_state"":1,""stability_days"":0.42391261,""difficulty"":9.45265637,""scheduled_days"":0},{""reviewed_at"":""2026-09-21T16:56:32.392+00:00"",""study_date"":""2026-09-21"",""rating"":3,""answer_result"":""correct"",""answer_text"":""испуганный"",""previous_state"":1,""stability_days"":0.47129052,""difficulty"":9.43843208,""scheduled_days"":0}]",[]
ordly-material-v1,2026-09-22T08:53:56.717Z,word,23c327c5-0f28-41fa-8062-9fdafc2cc95e,word,imellem,имэ́лэм,words/imellem-003503f4.mp3,"между, среди",между [preposition; ai] | среди [preposition; ai],"[{""id"":""ad631d12-ab68-4722-99ef-fdd2e1e8f71d"",""pos"":""preposition"",""note"":null,""text"":""между"",""gender"":null,""source"":""ai"",""example"":null,""coverage"":{""produced"":0,""last_seen"":null,""recognized"":0},""created_at"":""2026-09-16T14:40:44Z"",""removed_at"":null,""example_translation"":null},{""id"":""4ddac2b3-45bb-4b2c-8400-c085dbac61ea"",""pos"":""preposition"",""note"":null,""text"":""среди"",""gender"":null,""source"":""ai"",""example"":null,""coverage"":{""produced"":0,""last_seen"":null,""recognized"":0},""created_at"":""2026-09-16T14:40:44Z"",""removed_at"":null,""example_translation"":null}]","между: recognized 0, produced 0, last seen never | среди: recognized 0, produced 0, last seen never",preposition,,Bogen ligger imellem to stole.,Книга лежит между двумя стульями.,learning,0,true,,2026-09-07T16:48:42.49116+00:00,2026-09-21T14:15:47.403676+00:00,100,growing,2026-10-03T14:06:23.648+00:00,2,13.4749319,7.58936704,4,0,0,9,12,2026-09-21T14:06:23.648+00:00,4,1,1,2,0,2,1,1,2026-09-09T14:53:45.848+00:00,2026-09-21T14:06:23.648+00:00,1,1,0,0,0,1,0,2026-09-11T06:23:18.975Z,"[{""reviewed_at"":""2026-09-09T14:53:45.848+00:00"",""study_date"":""2026-09-09"",""rating"":1,""answer_result"":""incorrect"",""answer_text"":null,""previous_state"":0,""stability_days"":0.212,""difficulty"":6.4133,""scheduled_days"":0},{""reviewed_at"":""2026-09-11T06:23:18.975+00:00"",""study_date"":""2026-09-11"",""rating"":3,""answer_result"":""correct"",""answer_text"":null,""previous_state"":1,""stability_days"":2.4329485,""difficulty"":6.40211507,""scheduled_days"":0},{""reviewed_at"":""2026-09-12T10:33:11.743+00:00"",""study_date"":""2026-09-12"",""rating"":3,""answer_result"":""correct"",""answer_text"":""между, среди"",""previous_state"":1,""stability_days"":5.02493942,""difficulty"":6.39094132,""scheduled_days"":6},{""reviewed_at"":""2026-09-21T14:06:23.648+00:00"",""study_date"":""2026-09-21"",""rating"":2,""answer_result"":""mostly"",""answer_text"":""mellem"",""previous_state"":2,""stability_days"":13.4749319,""difficulty"":7.58936704,""scheduled_days"":12}]","[{""at"":""2026-09-11T06:23:18.975Z"",""kind"":""recall"",""objective"":""meaning"",""result"":""correct"",""rating"":3,""assistance"":""none"",""modality"":""typed"",""response_ms"":3591.000000000058,""replays"":0}]"
ordly-material-v1,2026-09-22T08:53:56.717Z,word,4c625fe2-4066-4f97-bd7d-f5b751e3f8d3,word,sand,,words/sand-42625bfe.mp3,правдивый,правдивый [adjective; ai],"[{""id"":""2ea373c9-1e61-442b-8b89-416cc7f02dd6"",""pos"":""adjective"",""note"":null,""text"":""правдивый"",""gender"":null,""source"":""ai"",""example"":null,""coverage"":{""produced"":0,""last_seen"":""2026-09-17T21:05:37.521Z"",""recognized"":1},""created_at"":""2026-09-16T14:40:44Z"",""removed_at"":null,""example_translation"":null}]","правдивый: recognized 1, produced 0, last seen 2026-09-17T21:05:37.521Z",adjective,,"Det er sandt, at det regner.","Это правда, что идёт дождь.",learning,0,true,,2026-09-02T17:26:11.744197+00:00,2026-09-21T14:15:47.403676+00:00,87,building,2026-09-21T21:05:37.457+00:00,2,2.67560135,9.16252385,8,1,0,2,4,2026-09-17T21:05:37.457+00:00,8,2,1,5,0,4,2,2,2026-09-03T06:26:32.72+00:00,2026-09-17T21:05:37.457+00:00,3,2,0,1,0,3,0,2026-09-15T14:01:06.670Z,"[{""reviewed_at"":""2026-09-03T06:26:32.72+00:00"",""study_date"":""2026-09-03"",""rating"":1,""answer_result"":""incorrect"",""answer_text"":null,""previous_state"":0,""stability_days"":0.212,""difficulty"":6.4133,""scheduled_days"":0},{""reviewed_at"":""2026-09-03T07:09:26.784+00:00"",""study_date"":""2026-09-03"",""rating"":3,""answer_result"":""correct"",""answer_text"":""правда"",""previous_state"":1,""stability_days"":0.24668919,""difficulty"":6.40211507,""scheduled_days"":0},{""reviewed_at"":""2026-09-03T09:40:50.016+00:00"",""study_date"":""2026-09-03"",""rating"":3,""answer_result"":""mostly"",""answer_text"":""прада"",""previous_state"":1,""stability_days"":0.28420636,""difficulty"":6.39094132,""scheduled_days"":1},{""reviewed_at"":""2026-09-04T11:01:50.415+00:00"",""study_date"":""2026-09-04"",""rating"":3,""answer_result"":""correct"",""answer_text"":""sandt"",""previous_state"":2,""stability_days"":2.15207825,""difficulty"":6.37977875,""scheduled_days"":2},{""reviewed_at"":""2026-09-07T14:35:46.744+00:00"",""study_date"":""2026-09-07"",""rating"":2,""answer_result"":""mostly"",""answer_text"":""sant"",""previous_state"":2,""stability_days"":5.71412353,""difficulty"":7.5819568,""scheduled_days"":5},{""reviewed_at"":""2026-09-15T13:58:52.12+00:00"",""study_date"":""2026-09-15"",""rating"":1,""answer_result"":""incorrect"",""answer_text"":null,""previous_state"":2,""stability_days"":1.04543138,""difficulty"":9.19043401,""scheduled_days"":0},{""reviewed_at"":""2026-09-15T13:59:42.16+00:00"",""study_date"":""2026-09-15"",""rating"":3,""answer_result"":""correct"",""answer_text"":null,""previous_state"":3,""stability_days"":1.09524944,""difficulty"":9.17647195,""scheduled_days"":1},{""reviewed_at"":""2026-09-17T21:05:37.457+00:00"",""study_date"":""2026-09-17"",""rating"":3,""answer_result"":""correct"",""answer_text"":""правда"",""previous_state"":2,""stability_days"":2.67560135,""difficulty"":9.16252385,""scheduled_days"":4}]","[{""at"":""2026-09-15T13:58:52.120Z"",""kind"":""recall"",""objective"":""meaning"",""result"":""incorrect"",""rating"":1,""assistance"":""model"",""modality"":""typed"",""response_ms"":5503,""replays"":0},{""at"":""2026-09-15T13:59:42.160Z"",""kind"":""recall"",""objective"":""meaning"",""result"":""correct"",""rating"":3,""assistance"":""none"",""modality"":""typed"",""response_ms"":2882,""replays"":0},{""at"":""2026-09-15T14:01:06.670Z"",""kind"":""produce"",""objective"":""production"",""result"":""correct"",""rating"":3,""assistance"":""none"",""modality"":""typed"",""response_ms"":2967,""replays"":0}]"
ordly-material-v1,2026-09-22T08:53:56.717Z,word,beb13d06-2d17-4ee7-a406-d15aaae5c4db,word,strand,стра́н,words/strand-d6ed2f81.mp3,"пляж, берег","пляж [noun, en; ai] | берег [noun, en; ai]","[{""id"":""df9e462e-85a4-4ae5-b80c-1855271903c9"",""pos"":""noun"",""note"":null,""text"":""пляж"",""gender"":""en"",""source"":""ai"",""example"":null,""coverage"":{""produced"":0,""last_seen"":""2026-09-21T14:09:54.142Z"",""recognized"":1},""created_at"":""2026-09-16T14:40:44Z"",""removed_at"":null,""example_translation"":null},{""id"":""148e6623-8a2b-4795-8e3b-41335eab3b61"",""pos"":""noun"",""note"":null,""text"":""берег"",""gender"":""en"",""source"":""ai"",""example"":null,""coverage"":{""produced"":0,""last_seen"":null,""recognized"":0},""created_at"":""2026-09-16T14:40:44Z"",""removed_at"":null,""example_translation"":null}]","пляж: recognized 1, produced 0, last seen 2026-09-21T14:09:54.142Z | берег: recognized 0, produced 0, last seen never",noun,en,Jeg går til stranden.,Я иду к пляжу.,learning,0,true,,2026-09-07T16:09:00.047649+00:00,2026-09-21T14:15:47.403676+00:00,100,strong,2026-11-02T14:09:54.032+00:00,2,46.28021494,2.1043314,3,0,0,11,42,2026-09-21T14:09:54.032+00:00,3,0,0,3,0,3,0,0,2026-09-08T13:51:47.485+00:00,2026-09-21T14:09:54.032+00:00,0,0,0,0,0,0,0,,"[{""reviewed_at"":""2026-09-08T13:51:47.485+00:00"",""study_date"":""2026-09-08"",""rating"":3,""answer_result"":""correct"",""answer_text"":""пляж"",""previous_state"":0,""stability_days"":2.3065,""difficulty"":2.11810397,""scheduled_days"":0},{""reviewed_at"":""2026-09-10T10:01:18.987+00:00"",""study_date"":""2026-09-10"",""rating"":3,""answer_result"":""correct"",""answer_text"":""пляж"",""previous_state"":1,""stability_days"":10.96433194,""difficulty"":2.11121424,""scheduled_days"":9},{""reviewed_at"":""2026-09-21T14:09:54.032+00:00"",""study_date"":""2026-09-21"",""rating"":3,""answer_result"":""correct"",""answer_text"":""пляж"",""previous_state"":2,""stability_days"":46.28021494,""difficulty"":2.1043314,""scheduled_days"":42}]",[]
ordly-material-v1,2026-09-22T08:53:56.717Z,word,ddff17ac-9ca0-44a5-b683-8f47cde10e3a,word,gentage,гэн-тэ',words/gentage-5c5173fd.mp3,повторять,повторять [verb; ai],"[{""id"":""764a3027-437d-496e-b569-084b3490f3dd"",""pos"":""verb"",""note"":null,""text"":""повторять"",""gender"":null,""source"":""ai"",""example"":null,""coverage"":{""produced"":0,""last_seen"":""2026-09-17T11:41:45.199Z"",""recognized"":1},""created_at"":""2026-09-16T14:40:44Z"",""removed_at"":null,""example_translation"":null}]","повторять: recognized 1, produced 0, last seen 2026-09-17T11:41:45.199Z",verb,,Jeg vil gentage ordet.,Я хочу повторить слово.,learning,0,true,,2026-09-03T12:20:48.539935+00:00,2026-09-21T14:15:47.403676+00:00,95,growing,2026-09-27T11:41:43.356+00:00,2,10.0495096,8.73123795,9,1,0,2,10,2026-09-17T11:41:43.356+00:00,9,2,0,7,0,7,0,2,2026-09-03T14:43:13.319+00:00,2026-09-17T11:41:43.356+00:00,2,2,0,0,0,2,0,2026-09-17T11:41:43.356Z,"[{""reviewed_at"":""2026-09-03T14:43:13.319+00:00"",""study_date"":""2026-09-03"",""rating"":1,""answer_result"":""incorrect"",""answer_text"":""помнить"",""previous_state"":0,""stability_days"":0.212,""difficulty"":6.4133,""scheduled_days"":0},{""reviewed_at"":""2026-09-03T14:44:52.692+00:00"",""study_date"":""2026-09-03"",""rating"":3,""answer_result"":""correct"",""answer_text"":""повторять"",""previous_state"":1,""stability_days"":0.24668919,""difficulty"":6.40211507,""scheduled_days"":0},{""reviewed_at"":""2026-09-03T20:34:05.87+00:00"",""study_date"":""2026-09-03"",""rating"":3,""answer_result"":""correct"",""answer_text"":""повторять"",""previous_state"":1,""stability_days"":0.28420636,""difficulty"":6.39094132,""scheduled_days"":1},{""reviewed_at"":""2026-09-05T11:37:40.41+00:00"",""study_date"":""2026-09-05"",""rating"":1,""answer_result"":""incorrect"",""answer_text"":null,""previous_state"":2,""stability_days"":0.14109523,""difficulty"":8.79895532,""scheduled_days"":0},{""reviewed_at"":""2026-09-05T11:52:09.573+00:00"",""study_date"":""2026-09-05"",""rating"":3,""answer_result"":""correct"",""answer_text"":""gentage"",""previous_state"":3,""stability_days"":0.16864038,""difficulty"":8.78538473,""scheduled_days"":1},{""reviewed_at"":""2026-09-07T14:36:13.262+00:00"",""study_date"":""2026-09-07"",""rating"":3,""answer_result"":""correct"",""answer_text"":""повторять"",""previous_state"":2,""stability_days"":1.12857191,""difficulty"":8.77182771,""scheduled_days"":2},{""reviewed_at"":""2026-09-11T06:20:50.354+00:00"",""study_date"":""2026-09-11"",""rating"":3,""answer_result"":""correct"",""answer_text"":null,""previous_state"":2,""stability_days"":3.98870118,""difficulty"":8.75828425,""scheduled_days"":3},{""reviewed_at"":""2026-09-15T14:02:16.252+00:00"",""study_date"":""2026-09-15"",""rating"":3,""answer_result"":""correct"",""answer_text"":""повторять"",""previous_state"":2,""stability_days"":7.82215298,""difficulty"":8.74475434,""scheduled_days"":6},{""reviewed_at"":""2026-09-17T11:41:43.356+00:00"",""study_date"":""2026-09-17"",""rating"":3,""answer_result"":""correct"",""answer_text"":null,""previous_state"":2,""stability_days"":10.0495096,""difficulty"":8.73123795,""scheduled_days"":10}]","[{""at"":""2026-09-11T06:20:50.354Z"",""kind"":""recall"",""objective"":""meaning"",""result"":""correct"",""rating"":3,""assistance"":""none"",""modality"":""typed"",""response_ms"":8047.999999999971,""replays"":0},{""at"":""2026-09-17T11:41:43.356Z"",""kind"":""recall"",""objective"":""meaning"",""result"":""correct"",""rating"":3,""assistance"":""none"",""modality"":""typed"",""response_ms"":6069.299999999814,""replays"":0}]"
ordly-material-v1,2026-09-22T08:53:56.717Z,word,4153654a-42b2-4d66-bd88-65f43ecd0606,word,gulv,,words/gulv-11978e8a.mp3,пол,"пол [noun, et; ai]","[{""id"":""8a61f036-69fd-4ba2-bd4d-fd05e86a76d9"",""pos"":""noun"",""note"":null,""text"":""пол"",""gender"":""et"",""source"":""ai"",""example"":null,""coverage"":{""produced"":0,""last_seen"":""2026-09-21T13:59:44.945Z"",""recognized"":2},""created_at"":""2026-09-16T14:40:44Z"",""removed_at"":null,""example_translation"":null}]","пол: recognized 2, produced 0, last seen 2026-09-21T13:59:44.945Z",noun,et,Jeg vasker gulvet.,Я мою пол.,learning,0,true,,2026-09-15T16:45:04.706322+00:00,2026-09-21T14:15:47.403676+00:00,100,building,2026-09-23T13:59:44.878+00:00,2,3.27133241,6.39094132,3,0,0,4,2,2026-09-21T13:59:44.878+00:00,3,1,0,2,0,2,0,1,2026-09-17T20:59:18.427+00:00,2026-09-21T13:59:44.878+00:00,0,0,0,0,0,0,0,,"[{""reviewed_at"":""2026-09-17T20:59:18.427+00:00"",""study_date"":""2026-09-17"",""rating"":1,""answer_result"":""incorrect"",""answer_text"":null,""previous_state"":0,""stability_days"":0.212,""difficulty"":6.4133,""scheduled_days"":0},{""reviewed_at"":""2026-09-17T21:05:27.212+00:00"",""study_date"":""2026-09-17"",""rating"":3,""answer_result"":""correct"",""answer_text"":""пол"",""previous_state"":1,""stability_days"":0.24668919,""difficulty"":6.40211507,""scheduled_days"":0},{""reviewed_at"":""2026-09-21T13:59:44.878+00:00"",""study_date"":""2026-09-21"",""rating"":3,""answer_result"":""correct"",""answer_text"":""пол"",""previous_state"":1,""stability_days"":3.27133241,""difficulty"":6.39094132,""scheduled_days"":2}]",[]
ordly-material-v1,2026-09-22T08:53:56.717Z,word,57dcb4cf-c242-4f18-8f6f-d1bd1881e6e4,word,synes,сюенс,words/synes-7721484b.mp3,"думать, считать",думать [verb; ai] | считать [verb; ai],"[{""id"":""84322433-3706-4521-88e5-cbf0d07ce085"",""pos"":""verb"",""note"":null,""text"":""думать"",""gender"":null,""source"":""ai"",""example"":null,""coverage"":{""produced"":0,""last_seen"":null,""recognized"":0},""created_at"":""2026-09-16T14:40:44Z"",""removed_at"":null,""example_translation"":null},{""id"":""322683b5-6e9f-4f47-936f-ff7f49fec1d5"",""pos"":""verb"",""note"":null,""text"":""считать"",""gender"":null,""source"":""ai"",""example"":null,""coverage"":{""produced"":0,""last_seen"":null,""recognized"":0},""created_at"":""2026-09-16T14:40:44Z"",""removed_at"":null,""example_translation"":null}]","думать: recognized 0, produced 0, last seen never | считать: recognized 0, produced 0, last seen never",verb,,"Jeg synes, det er godt.","Я думаю, это хорошо.",learning,0,true,,2026-09-02T17:10:05.519203+00:00,2026-09-21T14:15:47.403676+00:00,90,building,2026-09-22T11:42:42.731+00:00,2,4.13556777,9.85512748,13,2,0,2,5,2026-09-17T11:42:42.731+00:00,13,5,0,8,0,7,0,6,2026-09-03T06:22:03.822+00:00,2026-09-17T11:42:42.731+00:00,1,0,0,1,0,1,0,2026-09-17T11:42:42.731Z,"[{""reviewed_at"":""2026-09-03T06:22:03.822+00:00"",""study_date"":""2026-09-03"",""rating"":1,""answer_result"":""incorrect"",""answer_text"":null,""previous_state"":0,""stability_days"":0.212,""difficulty"":6.4133,""scheduled_days"":0},{""reviewed_at"":""2026-09-03T07:04:24.323+00:00"",""study_date"":""2026-09-03"",""rating"":1,""answer_result"":""incorrect"",""answer_text"":null,""previous_state"":1,""stability_days"":0.08335672,""difficulty"":8.80630447,""scheduled_days"":0},{""reviewed_at"":""2026-09-03T07:10:37.702+00:00"",""study_date"":""2026-09-03"",""rating"":1,""answer_result"":""incorrect"",""answer_text"":null,""previous_state"":1,""stability_days"":0.03485141,""difficulty"":9.59286876,""scheduled_days"":0},{""reviewed_at"":""2026-09-03T07:11:02.403+00:00"",""study_date"":""2026-09-03"",""rating"":3,""answer_result"":""correct"",""answer_text"":""сюнес"",""previous_state"":1,""stability_days"":0.04566983,""difficulty"":9.57850426,""scheduled_days"":0},{""reviewed_at"":""2026-09-03T09:42:05.672+00:00"",""study_date"":""2026-09-03"",""rating"":3,""answer_result"":""correct"",""answer_text"":""synes"",""previous_state"":1,""stability_days"":0.05879128,""difficulty"":9.56415413,""scheduled_days"":1},{""reviewed_at"":""2026-09-04T11:02:47.922+00:00"",""study_date"":""2026-09-04"",""rating"":1,""answer_result"":""incorrect"",""answer_text"":null,""previous_state"":2,""stability_days"":0.03524722,""difficulty"":9.84196879,""scheduled_days"":0},{""reviewed_at"":""2026-09-04T11:03:24.804+00:00"",""study_date"":""2026-09-04"",""rating"":3,""answer_result"":""correct"",""answer_text"":""Synes"",""previous_state"":3,""stability_days"":0.0461542,""difficulty"":9.82735519,""scheduled_days"":1},{""reviewed_at"":""2026-09-05T11:58:46.559+00:00"",""study_date"":""2026-09-05"",""rating"":1,""answer_result"":""incorrect"",""answer_text"":null,""previous_state"":2,""stability_days"":0.02879016,""difficulty"":9.92848119,""scheduled_days"":0},{""reviewed_at"":""2026-09-07T14:32:42.176+00:00"",""study_date"":""2026-09-07"",""rating"":3,""answer_result"":""correct"",""answer_text"":""synes"",""previous_state"":3,""stability_days"":0.19718492,""difficulty"":9.91378108,""scheduled_days"":1},{""reviewed_at"":""2026-09-10T10:02:15.55+00:00"",""study_date"":""2026-09-10"",""rating"":3,""answer_result"":""correct"",""answer_text"":""думать"",""previous_state"":2,""stability_days"":0.77855429,""difficulty"":9.89909567,""scheduled_days"":2},{""reviewed_at"":""2026-09-12T10:33:36.338+00:00"",""study_date"":""2026-09-12"",""rating"":3,""answer_result"":""correct"",""answer_text"":""думать"",""previous_state"":2,""stability_days"":1.65415532,""difficulty"":9.88442494,""scheduled_days"":2},{""reviewed_at"":""2026-09-15T14:04:07.06+00:00"",""study_date"":""2026-09-15"",""rating"":3,""answer_result"":""correct"",""answer_text"":""думать"",""previous_state"":2,""stability_days"":3.01169549,""difficulty"":9.86976888,""scheduled_days"":3},{""reviewed_at"":""2026-09-17T11:42:42.731+00:00"",""study_date"":""2026-09-17"",""rating"":3,""answer_result"":""incorrect"",""answer_text"":null,""previous_state"":2,""stability_days"":4.13556777,""difficulty"":9.85512748,""scheduled_days"":5}]","[{""at"":""2026-09-17T11:42:42.731Z"",""kind"":""recall"",""objective"":""meaning"",""result"":""incorrect"",""rating"":3,""assistance"":""none"",""modality"":""typed"",""response_ms"":4021.899999999441,""replays"":0}]"
ordly-material-v1,2026-09-22T08:53:56.717Z,word,63f04607-ca95-4272-955d-a0fccb0f1868,word,grine,гри́не,words/grine-dd580751.mp3,смеяться,смеяться [verb; ai],"[{""id"":""71554cb0-cb7b-40cb-9a7a-bd36c75fed91"",""pos"":""verb"",""note"":null,""text"":""смеяться"",""gender"":null,""source"":""ai"",""example"":null,""coverage"":{""produced"":0,""last_seen"":null,""recognized"":0},""created_at"":""2026-09-16T14:40:44Z"",""removed_at"":null,""example_translation"":null}]","смеяться: recognized 0, produced 0, last seen never",verb,,Hun kan ikke holde op med at grine.,Она не может перестать смеяться.,learning,0,true,,2026-09-07T17:16:32.635718+00:00,2026-09-21T14:15:47.403676+00:00,93,growing,2026-09-25T10:26:46.658+00:00,2,13.82690327,2.11121424,2,0,0,3,13,2026-09-12T10:26:46.658+00:00,2,0,0,2,0,1,0,1,2026-09-09T15:04:57.96+00:00,2026-09-12T10:26:46.658+00:00,0,0,0,0,0,0,0,,"[{""reviewed_at"":""2026-09-09T15:04:57.96+00:00"",""study_date"":""2026-09-09"",""rating"":3,""answer_result"":""incorrect"",""answer_text"":""смешить"",""previous_state"":0,""stability_days"":2.3065,""difficulty"":2.11810397,""scheduled_days"":0},{""reviewed_at"":""2026-09-12T10:26:46.658+00:00"",""study_date"":""2026-09-12"",""rating"":3,""answer_result"":""correct"",""answer_text"":""смеяться"",""previous_state"":1,""stability_days"":13.82690327,""difficulty"":2.11121424,""scheduled_days"":13}]",[]
ordly-material-v1,2026-09-22T08:53:56.717Z,word,8999c135-03d2-4bc5-8644-b98dcce45d5b,word,tør,тоар,words/toer-8b8af370.mp3,сухой,сухой [adjective; ai],"[{""id"":""1d98854d-f9cd-4a14-9409-efaca86043b4"",""pos"":""adjective"",""note"":null,""text"":""сухой"",""gender"":null,""source"":""ai"",""example"":null,""coverage"":{""produced"":0,""last_seen"":null,""recognized"":0},""created_at"":""2026-09-16T14:40:44Z"",""removed_at"":null,""example_translation"":null}]","сухой: recognized 0, produced 0, last seen never",adjective,,Vandet er tør.,Вода сухая.,learning,0,true,,2026-09-02T17:39:29.824048+00:00,2026-09-21T14:15:47.403676+00:00,100,strong,2026-10-26T13:48:07.348+00:00,2,38.42383445,4.74371562,4,0,0,16,35,2026-09-21T13:48:07.348+00:00,4,0,1,3,0,4,0,0,2026-09-03T07:13:58.327+00:00,2026-09-21T13:48:07.348+00:00,0,0,0,0,0,0,0,,"[{""reviewed_at"":""2026-09-03T07:13:58.327+00:00"",""study_date"":""2026-09-03"",""rating"":3,""answer_result"":""correct"",""answer_text"":""сухой"",""previous_state"":0,""stability_days"":2.3065,""difficulty"":2.11810397,""scheduled_days"":0},{""reviewed_at"":""2026-09-03T09:43:30.868+00:00"",""study_date"":""2026-09-03"",""rating"":3,""answer_result"":""correct"",""answer_text"":""сухой"",""previous_state"":1,""stability_days"":2.3065,""difficulty"":2.11121424,""scheduled_days"":2},{""reviewed_at"":""2026-09-05T11:57:47.168+00:00"",""study_date"":""2026-09-05"",""rating"":3,""answer_result"":""correct"",""answer_text"":""сухой"",""previous_state"":2,""stability_days"":10.97104786,""difficulty"":2.1043314,""scheduled_days"":12},{""reviewed_at"":""2026-09-21T13:48:07.348+00:00"",""study_date"":""2026-09-21"",""rating"":2,""answer_result"":""correct"",""answer_text"":""tørre"",""previous_state"":2,""stability_days"":38.42383445,""difficulty"":4.74371562,""scheduled_days"":35}]",[]
ordly-material-v1,2026-09-22T08:53:56.717Z,word,1d94b8ca-9df1-4879-9a93-a7980d6dbd99,word,fortjene,фо́че́нэ,words/fortjene-c85eb5e9.mp3,заслужить,заслужить [verb; ai],"[{""id"":""efb5a4ae-ced6-440f-8ecd-72d83410e876"",""pos"":""verb"",""note"":null,""text"":""заслужить"",""gender"":null,""source"":""ai"",""example"":null,""coverage"":{""produced"":0,""last_seen"":null,""recognized"":0},""created_at"":""2026-09-16T14:40:44Z"",""removed_at"":null,""example_translation"":null}]","заслужить: recognized 0, produced 0, last seen never",verb,,Han fortjener en pause.,Он заслуживает перерыв.,learning,0,true,,2026-09-07T17:15:24.080155+00:00,2026-09-21T14:15:47.403676+00:00,93,growing,2026-09-27T10:25:39.146+00:00,2,13.82690327,2.11121424,2,0,0,3,15,2026-09-12T10:25:39.146+00:00,2,0,0,2,0,2,0,0,2026-09-09T15:04:36.173+00:00,2026-09-12T10:25:39.146+00:00,2,1,0,0,1,2,0,2026-09-12T10:25:39.146Z,"[{""reviewed_at"":""2026-09-09T15:04:36.173+00:00"",""study_date"":""2026-09-09"",""rating"":3,""answer_result"":""correct"",""answer_text"":""заслужить"",""previous_state"":0,""stability_days"":2.3065,""difficulty"":2.11810397,""scheduled_days"":0},{""reviewed_at"":""2026-09-12T10:25:39.146+00:00"",""study_date"":""2026-09-12"",""rating"":3,""answer_result"":""correct"",""answer_text"":null,""previous_state"":1,""stability_days"":13.82690327,""difficulty"":2.11121424,""scheduled_days"":15}]","[{""at"":""2026-09-12T10:24:40.367Z"",""kind"":""recall"",""objective"":""meaning"",""result"":""ungraded"",""rating"":3,""assistance"":""hint"",""modality"":""typed"",""response_ms"":28585,""replays"":0},{""at"":""2026-09-12T10:25:39.146Z"",""kind"":""recall"",""objective"":""meaning"",""result"":""correct"",""rating"":3,""assistance"":""none"",""modality"":""typed"",""response_ms"":7328,""replays"":0}]"
ordly-material-v1,2026-09-22T08:53:56.717Z,word,41430c43-8b49-4501-8fd0-50063696b7ef,word,sove,со́уве,words/sove-2c0f51cb.mp3,спать,спать [verb; ai],"[{""id"":""b74eb863-829c-410d-b21c-39afe11ad70b"",""pos"":""verb"",""note"":null,""text"":""спать"",""gender"":null,""source"":""ai"",""example"":null,""coverage"":{""produced"":0,""last_seen"":""2026-09-21T16:30:33.620Z"",""recognized"":1},""created_at"":""2026-09-16T14:40:44Z"",""removed_at"":null,""example_translation"":null}]","спать: recognized 1, produced 0, last seen 2026-09-21T16:30:33.620Z",verb,,"Jeg skal sove nu, fordi jeg er træt.","Мне нужно спать сейчас, потому что я устал.",learning,0,true,,2026-09-03T20:35:19.049164+00:00,2026-09-21T16:30:33.620502+00:00,100,strong,2026-12-28T16:30:33.508+00:00,2,94.6825051,1,4,0,0,14,98,2026-09-21T16:30:33.508+00:00,4,0,0,3,1,4,0,0,2026-09-04T11:00:27.756+00:00,2026-09-21T16:30:33.508+00:00,0,0,0,0,0,0,0,,"[{""reviewed_at"":""2026-09-04T11:00:27.756+00:00"",""study_date"":""2026-09-04"",""rating"":3,""answer_result"":""correct"",""answer_text"":""Спать"",""previous_state"":0,""stability_days"":2.3065,""difficulty"":2.11810397,""scheduled_days"":0},{""reviewed_at"":""2026-09-04T12:20:11.844+00:00"",""study_date"":""2026-09-04"",""rating"":3,""answer_result"":""correct"",""answer_text"":""Спать"",""previous_state"":1,""stability_days"":2.3065,""difficulty"":2.11121424,""scheduled_days"":2},{""reviewed_at"":""2026-09-07T14:37:52.643+00:00"",""study_date"":""2026-09-07"",""rating"":3,""answer_result"":""correct"",""answer_text"":""спать"",""previous_state"":2,""stability_days"":13.8358397,""difficulty"":2.1043314,""scheduled_days"":14},{""reviewed_at"":""2026-09-21T16:30:33.508+00:00"",""study_date"":""2026-09-21"",""rating"":4,""answer_result"":""correct"",""answer_text"":""спать"",""previous_state"":2,""stability_days"":94.6825051,""difficulty"":1,""scheduled_days"":98}]",[]
ordly-material-v1,2026-09-22T08:53:56.717Z,word,06d3f282-8b9b-426f-a0c9-53dfd551448a,word,skulder,,words/skulder-9b91143a.mp3,плечо,"плечо [noun, en; ai]","[{""id"":""68185073-8a2c-49f9-8f9c-f9ef6cd88182"",""pos"":""noun"",""note"":null,""text"":""плечо"",""gender"":""en"",""source"":""ai"",""example"":null,""coverage"":{""produced"":0,""last_seen"":""2026-09-21T14:05:43.740Z"",""recognized"":2},""created_at"":""2026-09-16T14:40:44Z"",""removed_at"":null,""example_translation"":null}]","плечо: recognized 2, produced 0, last seen 2026-09-21T14:05:43.740Z",noun,en,Jeg har ondt i skulderen.,У меня болит плечо.,learning,0,true,,2026-09-15T16:31:36.062173+00:00,2026-09-21T14:15:47.403676+00:00,100,growing,2026-10-05T14:05:43.679+00:00,2,13.69738476,5.18509795,3,0,0,3,14,2026-09-21T14:05:43.679+00:00,3,1,0,1,1,2,0,1,2026-09-16T20:31:08.87+00:00,2026-09-21T14:05:43.679+00:00,0,0,0,0,0,0,0,,"[{""reviewed_at"":""2026-09-16T20:31:08.87+00:00"",""study_date"":""2026-09-16"",""rating"":1,""answer_result"":""incorrect"",""answer_text"":null,""previous_state"":0,""stability_days"":0.212,""difficulty"":6.4133,""scheduled_days"":0},{""reviewed_at"":""2026-09-18T06:55:47.281+00:00"",""study_date"":""2026-09-18"",""rating"":3,""answer_result"":""correct"",""answer_text"":""плечо"",""previous_state"":1,""stability_days"":2.4329485,""difficulty"":6.40211507,""scheduled_days"":0},{""reviewed_at"":""2026-09-21T14:05:43.679+00:00"",""study_date"":""2026-09-21"",""rating"":4,""answer_result"":""correct"",""answer_text"":""плечо"",""previous_state"":1,""stability_days"":13.69738476,""difficulty"":5.18509795,""scheduled_days"":14}]",[]
ordly-material-v1,2026-09-22T08:53:56.717Z,word,cf168183-4c0e-4957-807f-f8bbc23e07b5,word,flere,фле́а,words/flere-7540b2f8.mp3,"больше, несколько",больше [adjective; ai] | несколько [adjective; ai],"[{""id"":""32b298fd-2a8b-4b92-bff1-0cea236bdc57"",""pos"":""adjective"",""note"":null,""text"":""больше"",""gender"":null,""source"":""ai"",""example"":null,""coverage"":{""produced"":0,""last_seen"":null,""recognized"":0},""created_at"":""2026-09-16T14:40:44Z"",""removed_at"":null,""example_translation"":null},{""id"":""c988ea2a-fd64-4eef-8deb-67f9908ae82b"",""pos"":""adjective"",""note"":null,""text"":""несколько"",""gender"":null,""source"":""ai"",""example"":null,""coverage"":{""produced"":0,""last_seen"":null,""recognized"":0},""created_at"":""2026-09-16T14:40:44Z"",""removed_at"":null,""example_translation"":null}]","больше: recognized 0, produced 0, last seen never | несколько: recognized 0, produced 0, last seen never",adjective,,Jeg har flere bøger.,У меня есть несколько книг.,learning,0,true,,2026-09-07T16:47:46.494488+00:00,2026-09-21T14:15:47.403676+00:00,92,growing,2026-09-24T13:55:51.061+00:00,2,8.10133478,7.57947047,4,0,0,3,9,2026-09-15T13:55:51.061+00:00,4,1,1,2,0,1,1,1,2026-09-09T14:51:36.614+00:00,2026-09-15T13:55:51.061+00:00,2,0,1,0,1,2,0,2026-09-15T13:55:51.061Z,"[{""reviewed_at"":""2026-09-09T14:51:36.614+00:00"",""study_date"":""2026-09-09"",""rating"":1,""answer_result"":""incorrect"",""answer_text"":null,""previous_state"":0,""stability_days"":0.212,""difficulty"":6.4133,""scheduled_days"":0},{""reviewed_at"":""2026-09-11T06:21:18.117+00:00"",""study_date"":""2026-09-11"",""rating"":2,""answer_result"":""mostly"",""answer_text"":null,""previous_state"":1,""stability_days"":1.54767843,""difficulty"":7.60420977,""scheduled_days"":0},{""reviewed_at"":""2026-09-12T10:31:58.52+00:00"",""study_date"":""2026-09-12"",""rating"":3,""answer_result"":""correct"",""answer_text"":""несколько, достаточно"",""previous_state"":1,""stability_days"":3.44541077,""difficulty"":7.59183393,""scheduled_days"":0},{""reviewed_at"":""2026-09-15T13:55:51.061+00:00"",""study_date"":""2026-09-15"",""rating"":3,""answer_result"":null,""answer_text"":null,""previous_state"":1,""stability_days"":8.10133478,""difficulty"":7.57947047,""scheduled_days"":9}]","[{""at"":""2026-09-11T06:21:18.117Z"",""kind"":""recall"",""objective"":""meaning"",""result"":""mostly"",""rating"":2,""assistance"":""none"",""modality"":""typed"",""response_ms"":9088,""replays"":0},{""at"":""2026-09-15T13:55:51.061Z"",""kind"":""recall"",""objective"":""meaning"",""result"":""ungraded"",""rating"":3,""assistance"":""none"",""modality"":""typed"",""response_ms"":6849,""replays"":0}]"
ordly-material-v1,2026-09-22T08:53:56.717Z,word,74702656-64f1-4ce9-8399-4246713b07e5,word,morsom,,words/morsom-5fe57455.mp3,"забавный, весёлый",забавный [adverb; ai] | весёлый [adverb; ai],"[{""id"":""17b93479-29bf-4e64-bbd8-169d033e03f5"",""pos"":""adverb"",""note"":null,""text"":""забавный"",""gender"":null,""source"":""ai"",""example"":null,""coverage"":{""produced"":0,""last_seen"":null,""recognized"":0},""created_at"":""2026-09-16T14:40:44Z"",""removed_at"":null,""example_translation"":null},{""id"":""c6968776-4f55-4b74-9cbb-94d422415b09"",""pos"":""adverb"",""note"":null,""text"":""весёлый"",""gender"":null,""source"":""ai"",""example"":null,""coverage"":{""produced"":0,""last_seen"":null,""recognized"":0},""created_at"":""2026-09-16T14:40:44Z"",""removed_at"":null,""example_translation"":null}]","забавный: recognized 0, produced 0, last seen never | весёлый: recognized 0, produced 0, last seen never",adverb,,Det er morsomt at spille spil sammen.,Это весело играть в игры вместе.,learning,0,true,,2026-09-07T16:57:28.649616+00:00,2026-09-21T14:15:47.403676+00:00,92,growing,2026-09-22T14:05:00.37+00:00,2,8.9002148,6.37977875,4,0,0,3,7,2026-09-15T14:05:00.37+00:00,4,1,0,3,0,1,0,3,2026-09-09T14:57:32.032+00:00,2026-09-15T14:05:00.37+00:00,1,1,0,0,0,1,0,2026-09-12T10:21:22.312Z,"[{""reviewed_at"":""2026-09-09T14:57:32.032+00:00"",""study_date"":""2026-09-09"",""rating"":1,""answer_result"":""incorrect"",""answer_text"":null,""previous_state"":0,""stability_days"":0.212,""difficulty"":6.4133,""scheduled_days"":0},{""reviewed_at"":""2026-09-12T10:21:22.312+00:00"",""study_date"":""2026-09-12"",""rating"":3,""answer_result"":""correct"",""answer_text"":null,""previous_state"":1,""stability_days"":2.76096548,""difficulty"":6.40211507,""scheduled_days"":0},{""reviewed_at"":""2026-09-12T23:54:11.578+00:00"",""study_date"":""2026-09-13"",""rating"":3,""answer_result"":""incorrect"",""answer_text"":""смешить"",""previous_state"":1,""stability_days"":2.76096548,""difficulty"":6.39094132,""scheduled_days"":2},{""reviewed_at"":""2026-09-15T14:05:00.37+00:00"",""study_date"":""2026-09-15"",""rating"":3,""answer_result"":""incorrect"",""answer_text"":""shovt"",""previous_state"":2,""stability_days"":8.9002148,""difficulty"":6.37977875,""scheduled_days"":7}]","[{""at"":""2026-09-12T10:21:22.312Z"",""kind"":""recall"",""objective"":""meaning"",""result"":""correct"",""rating"":3,""assistance"":""none"",""modality"":""typed"",""response_ms"":11858,""replays"":0}]"
ordly-material-v1,2026-09-22T08:53:56.717Z,word,c26c9943-f4e6-4fee-9639-3813b5fa8269,word,afhænge,а́ф-хаенге,words/afhaenge-0502ebed.mp3,зависеть,зависеть [verb; ai],"[{""id"":""fd9902c7-9d2a-4de0-8d33-1f0b2ec4d4b7"",""pos"":""verb"",""note"":null,""text"":""зависеть"",""gender"":null,""source"":""ai"",""example"":null,""coverage"":{""produced"":0,""last_seen"":""2026-09-17T11:43:10.817Z"",""recognized"":1},""created_at"":""2026-09-16T14:40:44Z"",""removed_at"":null,""example_translation"":null}]","зависеть: recognized 1, produced 0, last seen 2026-09-17T11:43:10.817Z",verb,,Det afhænger af vejret.,Это зависит от погоды.,learning,0,true,,2026-09-02T17:12:23.846095+00:00,2026-09-21T14:26:05.050218+00:00,100,building,2026-09-26T14:26:04.974+00:00,2,4.77463148,9.88375402,17,1,0,4,5,2026-09-21T14:26:04.974+00:00,17,7,1,9,0,9,1,7,2026-09-03T06:22:20.314+00:00,2026-09-21T14:26:04.974+00:00,1,1,0,0,0,1,0,2026-09-17T11:43:08.971Z,"[{""reviewed_at"":""2026-09-03T06:22:20.314+00:00"",""study_date"":""2026-09-03"",""rating"":1,""answer_result"":""incorrect"",""answer_text"":null,""previous_state"":0,""stability_days"":0.212,""difficulty"":6.4133,""scheduled_days"":0},{""reviewed_at"":""2026-09-03T07:04:48.301+00:00"",""study_date"":""2026-09-03"",""rating"":1,""answer_result"":""incorrect"",""answer_text"":null,""previous_state"":1,""stability_days"":0.08335672,""difficulty"":8.80630447,""scheduled_days"":0},{""reviewed_at"":""2026-09-03T07:10:51.038+00:00"",""study_date"":""2026-09-03"",""rating"":1,""answer_result"":""incorrect"",""answer_text"":""обязательно"",""previous_state"":1,""stability_days"":0.03485141,""difficulty"":9.59286876,""scheduled_days"":0},{""reviewed_at"":""2026-09-03T07:11:55.449+00:00"",""study_date"":""2026-09-03"",""rating"":3,""answer_result"":""correct"",""answer_text"":""afhænge"",""previous_state"":1,""stability_days"":0.04566983,""difficulty"":9.57850426,""scheduled_days"":0},{""reviewed_at"":""2026-09-03T09:42:43.893+00:00"",""study_date"":""2026-09-03"",""rating"":1,""answer_result"":""incorrect"",""answer_text"":""afgæn"",""previous_state"":1,""stability_days"":0.01986568,""difficulty"":9.84668558,""scheduled_days"":0},{""reviewed_at"":""2026-09-03T09:43:46.584+00:00"",""study_date"":""2026-09-03"",""rating"":1,""answer_result"":""incorrect"",""answer_text"":null,""previous_state"":1,""stability_days"":0.00912779,""difficulty"":9.93483496,""scheduled_days"":0},{""reviewed_at"":""2026-09-03T09:43:55.389+00:00"",""study_date"":""2026-09-03"",""rating"":3,""answer_result"":""correct"",""answer_text"":""afhænge"",""previous_state"":1,""stability_days"":0.01306354,""difficulty"":9.92012849,""scheduled_days"":0},{""reviewed_at"":""2026-09-03T10:27:04.001+00:00"",""study_date"":""2026-09-03"",""rating"":3,""answer_result"":""correct"",""answer_text"":""зависеть"",""previous_state"":1,""stability_days"":0.01826044,""difficulty"":9.90543673,""scheduled_days"":1},{""reviewed_at"":""2026-09-04T11:03:17.952+00:00"",""study_date"":""2026-09-04"",""rating"":2,""answer_result"":""correct"",""answer_text"":""afhægn"",""previous_state"":2,""stability_days"":0.0856767,""difficulty"":9.92245287,""scheduled_days"":1},{""reviewed_at"":""2026-09-05T11:58:30.392+00:00"",""study_date"":""2026-09-05"",""rating"":1,""answer_result"":""incorrect"",""answer_text"":""обьяснять"",""previous_state"":2,""stability_days"":0.04786869,""difficulty"":9.95973915,""scheduled_days"":0},{""reviewed_at"":""2026-09-07T14:32:33.811+00:00"",""study_date"":""2026-09-07"",""rating"":1,""answer_result"":""incorrect"",""answer_text"":null,""previous_state"":3,""stability_days"":0.03279718,""difficulty"":9.97199491,""scheduled_days"":0},{""reviewed_at"":""2026-09-07T14:33:14.919+00:00"",""study_date"":""2026-09-07"",""rating"":3,""answer_result"":""mostly"",""answer_text"":""зависет"",""previous_state"":3,""stability_days"":0.04315008,""difficulty"":9.95725128,""scheduled_days"":1},{""reviewed_at"":""2026-09-10T10:02:29.339+00:00"",""study_date"":""2026-09-10"",""rating"":3,""answer_result"":""correct"",""answer_text"":""зависеть"",""previous_state"":2,""stability_days"":0.27278517,""difficulty"":9.9425224,""scheduled_days"":2},{""reviewed_at"":""2026-09-12T10:33:43.796+00:00"",""study_date"":""2026-09-12"",""rating"":3,""answer_result"":""correct"",""answer_text"":""afhænge"",""previous_state"":2,""stability_days"":0.84712599,""difficulty"":9.92780825,""scheduled_days"":2},{""reviewed_at"":""2026-09-15T14:04:15.856+00:00"",""study_date"":""2026-09-15"",""rating"":3,""answer_result"":""correct"",""answer_text"":""afhænge"",""previous_state"":2,""stability_days"":1.93031627,""difficulty"":9.91310881,""scheduled_days"":2},{""reviewed_at"":""2026-09-17T11:43:08.971+00:00"",""study_date"":""2026-09-17"",""rating"":3,""answer_result"":""correct"",""answer_text"":null,""previous_state"":2,""stability_days"":2.96925539,""difficulty"":9.89842407,""scheduled_days"":4},{""reviewed_at"":""2026-09-21T14:26:04.974+00:00"",""study_date"":""2026-09-21"",""rating"":3,""answer_result"":""correct"",""answer_text"":""afhænge"",""previous_state"":2,""stability_days"":4.77463148,""difficulty"":9.88375402,""scheduled_days"":5}]","[{""at"":""2026-09-17T11:43:08.971Z"",""kind"":""recall"",""objective"":""meaning"",""result"":""correct"",""rating"":3,""assistance"":""none"",""modality"":""typed"",""response_ms"":11308.299999999814,""replays"":0}]"
ordly-material-v1,2026-09-22T08:53:56.717Z,word,1521fddb-2f44-44c6-8fd0-49c43fb0defb,word,på,по,words/paa-84a8264b.mp3,на,на [preposition; ai],"[{""id"":""45f2b553-6618-545c-819d-e300b5afcd41"",""pos"":""preposition"",""note"":null,""text"":""на"",""gender"":null,""locked"":false,""source"":""ai"",""example"":null,""coverage"":{""produced"":0,""last_seen"":""2026-09-21T16:30:27.062Z"",""recognized"":2},""created_at"":""2026-09-21T13:35:17.645Z"",""removed_at"":null,""example_translation"":null},{""id"":""48a7e289-9479-51fa-a9ce-710e1017682c"",""pos"":""preposition"",""note"":null,""text"":""в (при обозначении дней недели и времени)"",""gender"":null,""locked"":true,""source"":""ai"",""example"":""Vi ses på mandag."",""coverage"":{""produced"":0,""last_seen"":null,""recognized"":0},""created_at"":""2026-09-21T13:35:17.645Z"",""removed_at"":null,""example_translation"":""Увидимся в понедельник.""}]","на: recognized 2, produced 0, last seen 2026-09-21T16:30:27.062Z",preposition,,Bogen ligger på bordet.,Книга лежит на столе.,learning,0,false,på,2026-09-21T13:35:19.19016+00:00,2026-09-21T16:30:27.066026+00:00,100,building,2026-09-23T16:30:26.99+00:00,2,2.3065,2.11121424,2,0,0,0,2,2026-09-21T16:30:26.99+00:00,2,0,0,2,0,2,0,0,2026-09-21T14:27:23.841+00:00,2026-09-21T16:30:26.99+00:00,0,0,0,0,0,0,0,,"[{""reviewed_at"":""2026-09-21T14:27:23.841+00:00"",""study_date"":""2026-09-21"",""rating"":3,""answer_result"":""correct"",""answer_text"":""на"",""previous_state"":0,""stability_days"":2.3065,""difficulty"":2.11810397,""scheduled_days"":0},{""reviewed_at"":""2026-09-21T16:30:26.99+00:00"",""study_date"":""2026-09-21"",""rating"":3,""answer_result"":""correct"",""answer_text"":""на"",""previous_state"":1,""stability_days"":2.3065,""difficulty"":2.11121424,""scheduled_days"":2}]",[]
ordly-material-v1,2026-09-22T08:53:56.717Z,word,049b6034-7dc6-4f22-95dd-9a7d4cf15e94,word,vågne,во́нэ,words/vaagne-c6da37ab.mp3,просыпаться,просыпаться [verb; ai],"[{""id"":""09dd3cd0-e8e8-4320-9bc0-e5da97c6d85d"",""pos"":""verb"",""note"":null,""text"":""просыпаться"",""gender"":null,""source"":""ai"",""example"":null,""coverage"":{""produced"":0,""last_seen"":""2026-09-21T16:17:09.134Z"",""recognized"":2},""created_at"":""2026-09-16T14:40:44Z"",""removed_at"":null,""example_translation"":null}]","просыпаться: recognized 2, produced 0, last seen 2026-09-21T16:17:09.134Z",verb,,Jeg vågner klokken syv.,Я просыпаюсь в семь часов.,learning,0,true,,2026-09-15T16:18:23.238181+00:00,2026-09-21T16:17:09.151678+00:00,100,building,2026-09-22T16:17:09.05+00:00,2,1.10142493,8.77549312,5,0,0,0,1,2026-09-21T16:17:09.05+00:00,5,2,0,3,0,3,0,2,2026-09-16T17:52:52.249+00:00,2026-09-21T16:17:09.05+00:00,0,0,0,0,0,0,0,,"[{""reviewed_at"":""2026-09-16T17:52:52.249+00:00"",""study_date"":""2026-09-16"",""rating"":1,""answer_result"":""incorrect"",""answer_text"":null,""previous_state"":0,""stability_days"":0.212,""difficulty"":6.4133,""scheduled_days"":0},{""reviewed_at"":""2026-09-16T17:54:07.915+00:00"",""study_date"":""2026-09-16"",""rating"":3,""answer_result"":""correct"",""answer_text"":""просыпаться"",""previous_state"":1,""stability_days"":0.24668919,""difficulty"":6.40211507,""scheduled_days"":0},{""reviewed_at"":""2026-09-18T06:54:43.354+00:00"",""study_date"":""2026-09-18"",""rating"":1,""answer_result"":""incorrect"",""answer_text"":null,""previous_state"":1,""stability_days"":0.12672925,""difficulty"":8.80262806,""scheduled_days"":0},{""reviewed_at"":""2026-09-21T14:00:14.936+00:00"",""study_date"":""2026-09-21"",""rating"":3,""answer_result"":""correct"",""answer_text"":""vågne"",""previous_state"":1,""stability_days"":1.05174241,""difficulty"":8.7890538,""scheduled_days"":0},{""reviewed_at"":""2026-09-21T16:17:09.05+00:00"",""study_date"":""2026-09-21"",""rating"":3,""answer_result"":""correct"",""answer_text"":""просыпаться"",""previous_state"":1,""stability_days"":1.10142493,""difficulty"":8.77549312,""scheduled_days"":1}]",[]
ordly-material-v1,2026-09-22T08:53:56.717Z,word,f0d94be4-fcd7-4f65-860a-f4a742363abf,word,passere,па́сэрэ,words/passere-55293006.mp3,проходить,проходить [verb; ai],"[{""id"":""3b423ab7-56a3-4685-9219-40e598a89464"",""pos"":""verb"",""note"":null,""text"":""проходить"",""gender"":null,""source"":""ai"",""example"":null,""coverage"":{""produced"":0,""last_seen"":""2026-09-21T16:21:46.687Z"",""recognized"":1},""created_at"":""2026-09-16T14:40:44Z"",""removed_at"":null,""example_translation"":null}]","проходить: recognized 1, produced 0, last seen 2026-09-21T16:21:46.687Z",verb,,Jeg passerer gaden.,Я прохожу по улице.,learning,0,true,,2026-09-04T16:34:01.057402+00:00,2026-09-21T16:21:46.687498+00:00,100,building,2026-09-22T16:21:46.589+00:00,2,1.37188722,8.78171934,6,1,0,0,1,2026-09-21T16:21:46.589+00:00,6,2,0,4,0,4,0,2,2026-09-05T11:36:48.504+00:00,2026-09-21T16:21:46.589+00:00,0,0,0,0,0,0,0,,"[{""reviewed_at"":""2026-09-05T11:36:48.504+00:00"",""study_date"":""2026-09-05"",""rating"":1,""answer_result"":""incorrect"",""answer_text"":""проход"",""previous_state"":0,""stability_days"":0.212,""difficulty"":6.4133,""scheduled_days"":0},{""reviewed_at"":""2026-09-05T11:37:56.031+00:00"",""study_date"":""2026-09-05"",""rating"":3,""answer_result"":""correct"",""answer_text"":""проходить"",""previous_state"":1,""stability_days"":0.24668919,""difficulty"":6.40211507,""scheduled_days"":0},{""reviewed_at"":""2026-09-06T09:08:38.494+00:00"",""study_date"":""2026-09-06"",""rating"":3,""answer_result"":""correct"",""answer_text"":""проходить"",""previous_state"":1,""stability_days"":2.02147724,""difficulty"":6.39094132,""scheduled_days"":2},{""reviewed_at"":""2026-09-10T08:04:09.358+00:00"",""study_date"":""2026-09-10"",""rating"":3,""answer_result"":""correct"",""answer_text"":""passe"",""previous_state"":2,""stability_days"":9.00936196,""difficulty"":6.37977875,""scheduled_days"":9},{""reviewed_at"":""2026-09-21T14:09:38.569+00:00"",""study_date"":""2026-09-21"",""rating"":1,""answer_result"":""incorrect"",""answer_text"":""går"",""previous_state"":2,""stability_days"":1.33042312,""difficulty"":8.79528626,""scheduled_days"":0},{""reviewed_at"":""2026-09-21T16:21:46.589+00:00"",""study_date"":""2026-09-21"",""rating"":3,""answer_result"":""correct"",""answer_text"":""проходить"",""previous_state"":3,""stability_days"":1.37188722,""difficulty"":8.78171934,""scheduled_days"":1}]",[]
ordly-material-v1,2026-09-22T08:53:56.717Z,word,ad3d0662-59d9-4003-b538-ff792b2ec1d2,word,til,тэ,words/til-a6f88a15.mp3,"к, в","к, в [preposition; ai]","[{""id"":""e0b64eea-5787-57ad-b2b3-d276c284f655"",""pos"":""preposition"",""note"":null,""text"":""к, в"",""gender"":null,""locked"":false,""source"":""ai"",""example"":null,""coverage"":{""produced"":0,""last_seen"":""2026-09-21T17:00:19.190Z"",""recognized"":1},""created_at"":""2026-09-21T13:35:08.178Z"",""removed_at"":null,""example_translation"":null},{""id"":""a81de5e2-b5d7-556e-ab2e-a86ca680ff33"",""pos"":""preposition"",""note"":null,""text"":""для"",""gender"":null,""locked"":true,""source"":""ai"",""example"":""Denne bog er til dig."",""coverage"":{""produced"":0,""last_seen"":null,""recognized"":0},""created_at"":""2026-09-21T13:35:08.178Z"",""removed_at"":null,""example_translation"":""Эта книга для тебя.""}]","к, в: recognized 1, produced 0, last seen 2026-09-21T17:00:19.190Z",preposition,,Jeg går til skole.,Я иду в школу.,learning,0,false,til,2026-09-21T13:35:10.213013+00:00,2026-09-21T17:00:19.19078+00:00,100,fragile,2026-09-21T17:10:19.067+00:00,1,0.10314065,9.17883322,4,0,1,0,0,2026-09-21T17:00:19.067+00:00,4,2,1,1,0,1,0,3,2026-09-21T14:27:16.385+00:00,2026-09-21T17:00:19.067+00:00,0,0,0,0,0,0,0,,"[{""reviewed_at"":""2026-09-21T14:27:16.385+00:00"",""study_date"":""2026-09-21"",""rating"":1,""answer_result"":""incorrect"",""answer_text"":""часто"",""previous_state"":0,""stability_days"":0.212,""difficulty"":6.4133,""scheduled_days"":0},{""reviewed_at"":""2026-09-21T16:24:10.929+00:00"",""study_date"":""2026-09-21"",""rating"":1,""answer_result"":""incorrect"",""answer_text"":""кремя"",""previous_state"":1,""stability_days"":0.08335672,""difficulty"":8.80630447,""scheduled_days"":0},{""reviewed_at"":""2026-09-21T16:38:46.388+00:00"",""study_date"":""2026-09-21"",""rating"":2,""answer_result"":""incorrect"",""answer_text"":null,""previous_state"":1,""stability_days"":0.08335672,""difficulty"":9.19279765,""scheduled_days"":0},{""reviewed_at"":""2026-09-21T17:00:19.067+00:00"",""study_date"":""2026-09-21"",""rating"":3,""answer_result"":""correct"",""answer_text"":""к, в"",""previous_state"":1,""stability_days"":0.10314065,""difficulty"":9.17883322,""scheduled_days"":0}]",[]
ordly-material-v1,2026-09-22T08:53:56.717Z,word,917dcfbc-354f-4ece-bf67-6e47529e3bb1,word,blive,бливе,words/blive-cd32bb5e.mp3,"быть, оставаться, становиться",быть [verb; ai] | оставаться [verb; ai] | становиться [verb; ai],"[{""id"":""4ad2e83e-a01f-4441-872f-59c267d07c24"",""pos"":""verb"",""note"":null,""text"":""быть"",""gender"":null,""source"":""ai"",""example"":null,""coverage"":{""produced"":0,""last_seen"":null,""recognized"":0},""created_at"":""2026-09-16T14:40:44Z"",""removed_at"":null,""example_translation"":null},{""id"":""9bf4e358-5154-4d74-a1fe-0dc93b09b69d"",""pos"":""verb"",""note"":null,""text"":""оставаться"",""gender"":null,""source"":""ai"",""example"":null,""coverage"":{""produced"":0,""last_seen"":null,""recognized"":0},""created_at"":""2026-09-16T14:40:44Z"",""removed_at"":null,""example_translation"":null},{""id"":""2d15fab6-64e1-461c-8758-b724da9e490f"",""pos"":""verb"",""note"":null,""text"":""становиться"",""gender"":null,""source"":""ai"",""example"":null,""coverage"":{""produced"":0,""last_seen"":""2026-09-17T21:01:02.067Z"",""recognized"":1},""created_at"":""2026-09-16T14:40:44Z"",""removed_at"":null,""example_translation"":null}]","быть: recognized 0, produced 0, last seen never | оставаться: recognized 0, produced 0, last seen never | становиться: recognized 1, produced 0, last seen 2026-09-17T21:01:02.067Z",verb,,Jeg vil blive hjemme i dag.,Я хочу остаться дома сегодня.,learning,0,true,,2026-09-02T17:35:15.337195+00:00,2026-09-21T14:15:47.403676+00:00,94,growing,2026-09-24T21:01:01.989+00:00,2,7.37358712,8.75462619,8,1,0,5,7,2026-09-17T21:01:01.989+00:00,8,2,0,6,0,5,1,2,2026-09-03T06:27:00.814+00:00,2026-09-17T21:01:01.989+00:00,2,1,0,0,1,1,1,2026-09-12T10:19:58.105Z,"[{""reviewed_at"":""2026-09-03T06:27:00.814+00:00"",""study_date"":""2026-09-03"",""rating"":1,""answer_result"":""incorrect"",""answer_text"":null,""previous_state"":0,""stability_days"":0.212,""difficulty"":6.4133,""scheduled_days"":0},{""reviewed_at"":""2026-09-03T07:09:34.418+00:00"",""study_date"":""2026-09-03"",""rating"":3,""answer_result"":""correct"",""answer_text"":""становиться"",""previous_state"":1,""stability_days"":0.24668919,""difficulty"":6.40211507,""scheduled_days"":0},{""reviewed_at"":""2026-09-03T09:41:05.242+00:00"",""study_date"":""2026-09-03"",""rating"":3,""answer_result"":""correct"",""answer_text"":""становиться, быть"",""previous_state"":1,""stability_days"":0.28420636,""difficulty"":6.39094132,""scheduled_days"":1},{""reviewed_at"":""2026-09-04T11:02:07.556+00:00"",""study_date"":""2026-09-04"",""rating"":3,""answer_result"":""mostly"",""answer_text"":""bliver"",""previous_state"":2,""stability_days"":2.15207825,""difficulty"":6.37977875,""scheduled_days"":2},{""reviewed_at"":""2026-09-07T14:36:05.245+00:00"",""study_date"":""2026-09-07"",""rating"":1,""answer_result"":""incorrect"",""answer_text"":null,""previous_state"":2,""stability_days"":0.57261377,""difficulty"":8.79528626,""scheduled_days"":0},{""reviewed_at"":""2026-09-07T14:39:17.785+00:00"",""study_date"":""2026-09-07"",""rating"":3,""answer_result"":""correct"",""answer_text"":""становиться"",""previous_state"":3,""stability_days"":0.62413945,""difficulty"":8.78171934,""scheduled_days"":1},{""reviewed_at"":""2026-09-12T10:26:29.872+00:00"",""study_date"":""2026-09-12"",""rating"":3,""answer_result"":""correct"",""answer_text"":""blive"",""previous_state"":2,""stability_days"":3.10971189,""difficulty"":8.76816599,""scheduled_days"":4},{""reviewed_at"":""2026-09-17T21:01:01.989+00:00"",""study_date"":""2026-09-17"",""rating"":3,""answer_result"":""correct"",""answer_text"":""становиться"",""previous_state"":2,""stability_days"":7.37358712,""difficulty"":8.75462619,""scheduled_days"":7}]","[{""at"":""2026-09-11T06:17:38.583Z"",""kind"":""produce"",""objective"":""production"",""result"":""ungraded"",""rating"":3,""assistance"":""none"",""modality"":""spoken"",""response_ms"":16264,""replays"":0},{""at"":""2026-09-12T10:19:58.105Z"",""kind"":""produce"",""objective"":""production"",""result"":""correct"",""rating"":3,""assistance"":""none"",""modality"":""typed"",""response_ms"":4847,""replays"":0}]"
ordly-material-v1,2026-09-22T08:53:56.717Z,word,9520a38b-111d-422d-9136-7f8190ad8dc3,word,kunne,ку́нэ,words/kunne-b0f60f83.mp3,"мочь, уметь","мочь, уметь [verb; ai]","[{""id"":""e464d6a7-4722-576c-aee5-9a0207d252bb"",""pos"":""verb"",""note"":null,""text"":""мочь, уметь"",""gender"":null,""locked"":false,""source"":""ai"",""example"":null,""coverage"":{""produced"":0,""last_seen"":null,""recognized"":0},""created_at"":""2026-09-21T13:36:22.541Z"",""removed_at"":null,""example_translation"":null}]","мочь, уметь: recognized 0, produced 0, last seen never",verb,,Hun kan svømme.,Она умеет плавать.,learning,0,false,kunne,2026-09-21T13:36:26.723365+00:00,2026-09-21T17:00:12.391758+00:00,100,fragile,2026-09-21T17:06:12.287+00:00,1,0.09603384,9.19035708,4,0,0,0,0,2026-09-21T17:00:12.287+00:00,4,2,1,1,0,1,1,2,2026-09-21T14:31:04.411+00:00,2026-09-21T17:00:12.287+00:00,0,0,0,0,0,0,0,,"[{""reviewed_at"":""2026-09-21T14:31:04.411+00:00"",""study_date"":""2026-09-21"",""rating"":1,""answer_result"":""incorrect"",""answer_text"":null,""previous_state"":0,""stability_days"":0.212,""difficulty"":6.4133,""scheduled_days"":0},{""reviewed_at"":""2026-09-21T16:24:39.948+00:00"",""study_date"":""2026-09-21"",""rating"":3,""answer_result"":""mostly"",""answer_text"":""быть способным на, мочть что-то"",""previous_state"":1,""stability_days"":0.24668919,""difficulty"":6.40211507,""scheduled_days"":0},{""reviewed_at"":""2026-09-21T16:58:23.158+00:00"",""study_date"":""2026-09-21"",""rating"":1,""answer_result"":""incorrect"",""answer_text"":""только"",""previous_state"":1,""stability_days"":0.09603384,""difficulty"":8.80262806,""scheduled_days"":0},{""reviewed_at"":""2026-09-21T17:00:12.287+00:00"",""study_date"":""2026-09-21"",""rating"":2,""answer_result"":""correct"",""answer_text"":""мочь"",""previous_state"":1,""stability_days"":0.09603384,""difficulty"":9.19035708,""scheduled_days"":0}]",[]
ordly-material-v1,2026-09-22T08:53:56.717Z,word,e1a48a51-ed60-4fc2-a77b-32f2674805ed,word,han,ха́н,words/han-4ff61525.mp3,он,он [pronoun; ai],"[{""id"":""8580f07c-4be0-59f9-8af9-be876a57c1e5"",""pos"":""pronoun"",""note"":null,""text"":""он"",""gender"":null,""locked"":false,""source"":""ai"",""example"":null,""coverage"":{""produced"":0,""last_seen"":""2026-09-21T14:31:09.445Z"",""recognized"":1},""created_at"":""2026-09-21T13:36:29.433Z"",""removed_at"":null,""example_translation"":null}]","он: recognized 1, produced 0, last seen 2026-09-21T14:31:09.445Z",pronoun,,Han bor i København.,Он живёт в Копенгагене.,learning,0,false,han,2026-09-21T13:36:30.389753+00:00,2026-09-21T14:31:09.445893+00:00,100,growing,2026-09-29T14:31:09.339+00:00,2,8.2956,1,1,0,0,0,8,2026-09-21T14:31:09.339+00:00,1,0,0,0,1,1,0,0,2026-09-21T14:31:09.339+00:00,2026-09-21T14:31:09.339+00:00,0,0,0,0,0,0,0,,"[{""reviewed_at"":""2026-09-21T14:31:09.339+00:00"",""study_date"":""2026-09-21"",""rating"":4,""answer_result"":""correct"",""answer_text"":""он"",""previous_state"":0,""stability_days"":8.2956,""difficulty"":1,""scheduled_days"":8}]",[]
ordly-material-v1,2026-09-22T08:53:56.717Z,word,054af9c4-8665-4f01-be43-e8e9d8256adb,word,for,фо,words/for-43eef9a6.mp3,для,для [preposition; ai],"[{""id"":""925492d4-3258-50b3-8004-cea7c63a4c56"",""pos"":""preposition"",""note"":null,""text"":""для"",""gender"":null,""locked"":false,""source"":""ai"",""example"":null,""coverage"":{""produced"":0,""last_seen"":""2026-09-21T16:30:42.615Z"",""recognized"":2},""created_at"":""2026-09-21T13:36:03.474Z"",""removed_at"":null,""example_translation"":null},{""id"":""a6abcb56-4735-537b-be03-4c65021ea6a3"",""pos"":""adverb"",""note"":null,""text"":""слишком"",""gender"":null,""locked"":true,""source"":""ai"",""example"":""Det er for dyrt."",""coverage"":{""produced"":0,""last_seen"":null,""recognized"":0},""created_at"":""2026-09-21T13:36:03.474Z"",""removed_at"":null,""example_translation"":""Это слишком дорого.""},{""id"":""48cc8324-d3dc-5887-ab29-af35e3c59377"",""pos"":""conjunction"",""note"":null,""text"":""потому что"",""gender"":null,""locked"":true,""source"":""ai"",""example"":""Han spiste, for han var sulten."",""coverage"":{""produced"":0,""last_seen"":null,""recognized"":0},""created_at"":""2026-09-21T13:36:03.474Z"",""removed_at"":null,""example_translation"":""Он поел, потому что был голоден.""}]","для: recognized 2, produced 0, last seen 2026-09-21T16:30:42.615Z",preposition,,Denne gave er for dig.,Этот подарок для тебя.,learning,0,false,for,2026-09-21T13:36:04.89291+00:00,2026-09-21T16:30:42.615606+00:00,100,building,2026-09-26T16:30:42.565+00:00,2,3.94605407,1,2,0,0,0,5,2026-09-21T16:30:42.565+00:00,2,0,0,1,1,2,0,0,2026-09-21T14:30:36.562+00:00,2026-09-21T16:30:42.565+00:00,0,0,0,0,0,0,0,,"[{""reviewed_at"":""2026-09-21T14:30:36.562+00:00"",""study_date"":""2026-09-21"",""rating"":3,""answer_result"":""correct"",""answer_text"":""для"",""previous_state"":0,""stability_days"":2.3065,""difficulty"":2.11810397,""scheduled_days"":0},{""reviewed_at"":""2026-09-21T16:30:42.565+00:00"",""study_date"":""2026-09-21"",""rating"":4,""answer_result"":""correct"",""answer_text"":""для"",""previous_state"":1,""stability_days"":3.94605407,""difficulty"":1,""scheduled_days"":5}]",[]
ordly-material-v1,2026-09-22T08:53:56.717Z,word,495f31ed-6514-4f6a-b06b-819e01a6b61a,word,have,ха,words/have-ff87cea4.mp3,иметь,иметь [verb; ai],"[{""id"":""ae9673ce-eaeb-5bde-a4f1-611f50dbed97"",""pos"":""verb"",""note"":null,""text"":""иметь"",""gender"":null,""locked"":false,""source"":""ai"",""example"":null,""coverage"":{""produced"":0,""last_seen"":""2026-09-21T16:30:38.662Z"",""recognized"":2},""created_at"":""2026-09-21T13:35:39.824Z"",""removed_at"":null,""example_translation"":null},{""id"":""73f3b2ef-dd9d-5a4c-8b83-07ede8c469b7"",""pos"":""verb"",""note"":null,""text"":""вспомогательный глагол для образования перфекта"",""gender"":null,""locked"":true,""source"":""ai"",""example"":""Jeg har spist morgenmad."",""coverage"":{""produced"":0,""last_seen"":null,""recognized"":0},""created_at"":""2026-09-21T13:35:39.824Z"",""removed_at"":null,""example_translation"":""Я позавтракал.""}]","иметь: recognized 2, produced 0, last seen 2026-09-21T16:30:38.662Z",verb,,Jeg har en bror.,У меня есть брат.,learning,0,false,have,2026-09-21T13:35:43.765738+00:00,2026-09-21T16:30:38.671192+00:00,100,building,2026-09-24T16:30:38.594+00:00,2,3.94605407,1,2,0,0,0,3,2026-09-21T16:30:38.594+00:00,2,0,0,1,1,2,0,0,2026-09-21T14:27:56.654+00:00,2026-09-21T16:30:38.594+00:00,0,0,0,0,0,0,0,,"[{""reviewed_at"":""2026-09-21T14:27:56.654+00:00"",""study_date"":""2026-09-21"",""rating"":3,""answer_result"":""correct"",""answer_text"":""иметь"",""previous_state"":0,""stability_days"":2.3065,""difficulty"":2.11810397,""scheduled_days"":0},{""reviewed_at"":""2026-09-21T16:30:38.594+00:00"",""study_date"":""2026-09-21"",""rating"":4,""answer_result"":""correct"",""answer_text"":""иметь"",""previous_state"":1,""stability_days"":3.94605407,""difficulty"":1,""scheduled_days"":3}]",[]
ordly-material-v1,2026-09-22T08:53:56.717Z,word,e8d695b2-0331-45a9-86fe-3232cfb3f183,word,enig,э́ни,words/enig-e9792862.mp3,согласен,согласен [adjective; ai],"[{""id"":""c987c14d-0e33-4365-891f-e4c9221855e1"",""pos"":""adjective"",""note"":null,""text"":""согласен"",""gender"":null,""source"":""ai"",""example"":null,""coverage"":{""produced"":0,""last_seen"":""2026-09-21T13:48:32.549Z"",""recognized"":1},""created_at"":""2026-09-16T14:40:44Z"",""removed_at"":null,""example_translation"":null}]","согласен: recognized 1, produced 0, last seen 2026-09-21T13:48:32.549Z",adjective,,Jeg er enig.,Я согласен.,learning,0,true,,2026-09-03T13:18:35.354171+00:00,2026-09-21T14:15:47.403676+00:00,100,building,2026-09-26T13:48:32.477+00:00,2,4.1063371,9.83287554,13,1,0,6,5,2026-09-21T13:48:32.477+00:00,13,3,3,7,0,8,1,4,2026-09-04T10:59:46.306+00:00,2026-09-21T13:48:32.477+00:00,2,1,1,0,0,2,0,2026-09-15T13:59:58.474Z,"[{""reviewed_at"":""2026-09-04T10:59:46.306+00:00"",""study_date"":""2026-09-04"",""rating"":3,""answer_result"":""incorrect"",""answer_text"":null,""previous_state"":0,""stability_days"":2.3065,""difficulty"":2.11810397,""scheduled_days"":0},{""reviewed_at"":""2026-09-04T12:19:52.22+00:00"",""study_date"":""2026-09-04"",""rating"":1,""answer_result"":""incorrect"",""answer_text"":null,""previous_state"":1,""stability_days"":0.77508398,""difficulty"":7.39450274,""scheduled_days"":0},{""reviewed_at"":""2026-09-04T12:20:37.476+00:00"",""study_date"":""2026-09-04"",""rating"":2,""answer_result"":""correct"",""answer_text"":""согласен"",""previous_state"":1,""stability_days"":0.77508398,""difficulty"":8.25557787,""scheduled_days"":0},{""reviewed_at"":""2026-09-04T14:30:20.985+00:00"",""study_date"":""2026-09-04"",""rating"":3,""answer_result"":""correct"",""answer_text"":""enig"",""previous_state"":1,""stability_days"":0.8281648,""difficulty"":8.24255066,""scheduled_days"":0},{""reviewed_at"":""2026-09-04T15:08:29.057+00:00"",""study_date"":""2026-09-04"",""rating"":2,""answer_result"":""correct"",""answer_text"":""enig"",""previous_state"":1,""stability_days"":0.8281648,""difficulty"":8.8185516,""scheduled_days"":0},{""reviewed_at"":""2026-09-04T20:25:25.764+00:00"",""study_date"":""2026-09-04"",""rating"":3,""answer_result"":""correct"",""answer_text"":""Согласен"",""previous_state"":1,""stability_days"":0.88103231,""difficulty"":8.80496142,""scheduled_days"":1},{""reviewed_at"":""2026-09-07T14:34:38.775+00:00"",""study_date"":""2026-09-07"",""rating"":2,""answer_result"":""correct"",""answer_text"":""согласен"",""previous_state"":3,""stability_days"":0.32748992,""difficulty"":9.71466263,""scheduled_days"":0},{""reviewed_at"":""2026-09-07T14:33:35.799+00:00"",""study_date"":""2026-09-07"",""rating"":1,""answer_result"":""incorrect"",""answer_text"":null,""previous_state"":2,""stability_days"":0.32748992,""difficulty"":9.59242731,""scheduled_days"":0},{""reviewed_at"":""2026-09-08T13:50:57.802+00:00"",""study_date"":""2026-09-08"",""rating"":1,""answer_result"":""incorrect"",""answer_text"":""afhænge"",""previous_state"":3,""stability_days"":0.13695681,""difficulty"":9.89143991,""scheduled_days"":0},{""reviewed_at"":""2026-09-08T13:51:52.181+00:00"",""study_date"":""2026-09-08"",""rating"":3,""answer_result"":""correct"",""answer_text"":""согласен"",""previous_state"":3,""stability_days"":0.16401501,""difficulty"":9.87677684,""scheduled_days"":1},{""reviewed_at"":""2026-09-11T06:19:33.453+00:00"",""study_date"":""2026-09-11"",""rating"":3,""answer_result"":""mostly"",""answer_text"":null,""previous_state"":2,""stability_days"":0.7091301,""difficulty"":9.86212843,""scheduled_days"":2},{""reviewed_at"":""2026-09-15T13:59:58.474+00:00"",""study_date"":""2026-09-15"",""rating"":3,""answer_result"":""correct"",""answer_text"":null,""previous_state"":2,""stability_days"":1.93919723,""difficulty"":9.84749467,""scheduled_days"":2},{""reviewed_at"":""2026-09-21T13:48:32.477+00:00"",""study_date"":""2026-09-21"",""rating"":3,""answer_result"":""correct"",""answer_text"":""согласен"",""previous_state"":2,""stability_days"":4.1063371,""difficulty"":9.83287554,""scheduled_days"":5}]","[{""at"":""2026-09-11T06:19:33.453Z"",""kind"":""recall"",""objective"":""meaning"",""result"":""mostly"",""rating"":3,""assistance"":""none"",""modality"":""typed"",""response_ms"":6892,""replays"":0},{""at"":""2026-09-15T13:59:58.474Z"",""kind"":""recall"",""objective"":""meaning"",""result"":""correct"",""rating"":3,""assistance"":""none"",""modality"":""typed"",""response_ms"":14405.000000000058,""replays"":0}]"
ordly-material-v1,2026-09-22T08:53:56.717Z,word,8313ab52-d9fe-4304-99c2-1b002bb9536a,word,huske,хусге,words/huske-59004bba.mp3,помнить,помнить [verb; ai],"[{""id"":""332952e5-e0cb-4726-b03a-8bb10bc5c7f6"",""pos"":""verb"",""note"":null,""text"":""помнить"",""gender"":null,""source"":""ai"",""example"":null,""coverage"":{""produced"":0,""last_seen"":null,""recognized"":0},""created_at"":""2026-09-16T14:40:44Z"",""removed_at"":null,""example_translation"":null}]","помнить: recognized 0, produced 0, last seen never",verb,,Jeg husker din mor.,Я помню твою маму.,learning,0,true,,2026-09-04T16:19:36.441678+00:00,2026-09-21T14:15:47.403676+00:00,97,growing,2026-10-14T13:57:19.088+00:00,2,26.07039135,4.74828477,3,0,0,10,29,2026-09-15T13:57:19.088+00:00,3,0,1,2,0,3,0,0,2026-09-04T20:33:34.886+00:00,2026-09-15T13:57:19.088+00:00,1,1,0,0,0,1,0,2026-09-15T13:57:19.088Z,"[{""reviewed_at"":""2026-09-04T20:33:34.886+00:00"",""study_date"":""2026-09-04"",""rating"":3,""answer_result"":""correct"",""answer_text"":""помнить"",""previous_state"":0,""stability_days"":2.3065,""difficulty"":2.11810397,""scheduled_days"":0},{""reviewed_at"":""2026-09-05T11:53:00.553+00:00"",""study_date"":""2026-09-05"",""rating"":3,""answer_result"":""correct"",""answer_text"":""помнить"",""previous_state"":1,""stability_days"":7.31530068,""difficulty"":2.11121424,""scheduled_days"":7},{""reviewed_at"":""2026-09-15T13:57:19.088+00:00"",""study_date"":""2026-09-15"",""rating"":2,""answer_result"":""correct"",""answer_text"":null,""previous_state"":2,""stability_days"":26.07039135,""difficulty"":4.74828477,""scheduled_days"":29}]","[{""at"":""2026-09-15T13:57:19.088Z"",""kind"":""recall"",""objective"":""meaning"",""result"":""correct"",""rating"":2,""assistance"":""none"",""modality"":""typed"",""response_ms"":14845.000000000058,""replays"":0}]"
ordly-material-v1,2026-09-22T08:53:56.717Z,word,db6b5633-27b5-4ef8-95dd-b28a9e96f730,word,kilde,,words/kilde-981a8997.mp3,"источник, доставать (когото)","источник [noun, en; ai] | доставать (когото) [verb; ai]","[{""id"":""90cdaa9c-1bc7-4625-b97b-a819976649de"",""pos"":""noun"",""note"":null,""text"":""источник"",""gender"":""en"",""source"":""ai"",""example"":null,""coverage"":{""produced"":0,""last_seen"":null,""recognized"":0},""created_at"":""2026-09-16T14:40:44Z"",""removed_at"":null,""example_translation"":null},{""id"":""a6cc7df1-98bd-4682-896c-f419b87bea93"",""pos"":""verb"",""note"":null,""text"":""доставать (когото)"",""gender"":null,""source"":""ai"",""example"":null,""coverage"":{""produced"":0,""last_seen"":null,""recognized"":0},""created_at"":""2026-09-16T14:40:44Z"",""removed_at"":null,""example_translation"":null}]","источник: recognized 0, produced 0, last seen never | доставать (когото): recognized 0, produced 0, last seen never",noun | verb,en,Jeg finder information fra mange kilder.,Я нахожу информацию из многих источников.,learning,0,true,,2026-09-07T17:37:19.688168+00:00,2026-09-21T14:15:47.403676+00:00,100,building,2026-09-26T14:13:11.861+00:00,2,5.10669249,9.16083292,6,0,0,4,5,2026-09-21T14:13:11.861+00:00,6,2,1,3,0,1,0,4,2026-09-10T08:03:48.058+00:00,2026-09-21T14:13:11.861+00:00,1,0,0,0,1,1,0,2026-09-15T13:55:32.658Z,"[{""reviewed_at"":""2026-09-10T08:03:48.058+00:00"",""study_date"":""2026-09-10"",""rating"":1,""answer_result"":""incorrect"",""answer_text"":null,""previous_state"":0,""stability_days"":0.212,""difficulty"":6.4133,""scheduled_days"":0},{""reviewed_at"":""2026-09-12T10:27:46.634+00:00"",""study_date"":""2026-09-12"",""rating"":1,""answer_result"":""incorrect"",""answer_text"":null,""previous_state"":1,""stability_days"":0.11279815,""difficulty"":8.80630447,""scheduled_days"":0},{""reviewed_at"":""2026-09-12T10:31:45.007+00:00"",""study_date"":""2026-09-12"",""rating"":3,""answer_result"":""correct"",""answer_text"":""источники, доставать"",""previous_state"":1,""stability_days"":0.13681939,""difficulty"":8.79272653,""scheduled_days"":0},{""reviewed_at"":""2026-09-15T13:55:32.658+00:00"",""study_date"":""2026-09-15"",""rating"":3,""answer_result"":null,""answer_text"":null,""previous_state"":1,""stability_days"":1.10668594,""difficulty"":8.77916217,""scheduled_days"":1},{""reviewed_at"":""2026-09-17T21:02:47.454+00:00"",""study_date"":""2026-09-17"",""rating"":2,""answer_result"":""incorrect"",""answer_text"":""kigger"",""previous_state"":2,""stability_days"":2.26684942,""difficulty"":9.17477933,""scheduled_days"":2},{""reviewed_at"":""2026-09-21T14:13:11.861+00:00"",""study_date"":""2026-09-21"",""rating"":3,""answer_result"":""incorrect"",""answer_text"":""источники, надоедать"",""previous_state"":2,""stability_days"":5.10669249,""difficulty"":9.16083292,""scheduled_days"":5}]","[{""at"":""2026-09-15T13:55:32.658Z"",""kind"":""recall"",""objective"":""meaning"",""result"":""ungraded"",""rating"":3,""assistance"":""none"",""modality"":""typed"",""response_ms"":14078.00000000003,""replays"":0}]"
ordly-material-v1,2026-09-22T08:53:56.717Z,word,343f26a7-6a20-4869-9b99-1cffd5b3477e,word,vi,ви,words/vi-833da188.mp3,мы,мы [pronoun; ai],"[{""id"":""7849289d-b484-537d-be1a-33ca2462a4b3"",""pos"":""pronoun"",""note"":null,""text"":""мы"",""gender"":null,""locked"":false,""source"":""ai"",""example"":null,""coverage"":{""produced"":0,""last_seen"":null,""recognized"":0},""created_at"":""2026-09-21T13:36:43.574Z"",""removed_at"":null,""example_translation"":null}]","мы: recognized 0, produced 0, last seen never",pronoun,,Vi spiser sammen.,Мы едим вместе.,learning,0,false,vi,2026-09-21T13:36:44.524328+00:00,2026-09-21T16:31:26.276205+00:00,100,building,2026-09-23T16:31:26.216+00:00,2,2.3065,2.11121424,2,0,0,0,2,2026-09-21T16:31:26.216+00:00,2,0,0,2,0,2,0,0,2026-09-21T14:31:26.158+00:00,2026-09-21T16:31:26.216+00:00,0,0,0,0,0,0,0,,"[{""reviewed_at"":""2026-09-21T14:31:26.158+00:00"",""study_date"":""2026-09-21"",""rating"":3,""answer_result"":""correct"",""answer_text"":""ми"",""previous_state"":0,""stability_days"":2.3065,""difficulty"":2.11810397,""scheduled_days"":0},{""reviewed_at"":""2026-09-21T16:31:26.216+00:00"",""study_date"":""2026-09-21"",""rating"":3,""answer_result"":""correct"",""answer_text"":""ми"",""previous_state"":1,""stability_days"":2.3065,""difficulty"":2.11121424,""scheduled_days"":2}]",[]
ordly-material-v1,2026-09-22T08:53:56.717Z,word,9bc49f2d-ef0e-4bc3-a6d3-7f3161701767,word,om,ом,words/om-83db8932.mp3,"о, об","о, об [preposition; ai]","[{""id"":""ca40a44c-06fd-5093-9276-e7fd23d1ec16"",""pos"":""preposition"",""note"":null,""text"":""о, об"",""gender"":null,""locked"":false,""source"":""ai"",""example"":null,""coverage"":{""produced"":0,""last_seen"":""2026-09-21T16:59:01.655Z"",""recognized"":2},""created_at"":""2026-09-21T13:36:36.577Z"",""removed_at"":null,""example_translation"":null},{""id"":""bb3d854c-e1b4-5f21-a780-105ff230f8fc"",""pos"":""conjunction"",""note"":null,""text"":""если"",""gender"":null,""locked"":true,""source"":""ai"",""example"":""Om det regner, bliver vi hjemme."",""coverage"":{""produced"":0,""last_seen"":null,""recognized"":0},""created_at"":""2026-09-21T13:36:36.577Z"",""removed_at"":null,""example_translation"":""Если пойдёт дождь, мы останемся дома.""},{""id"":""7ae6928d-8e5a-5bc1-92a8-06a6c0bcf1a4"",""pos"":""preposition"",""note"":null,""text"":""через (о времени)"",""gender"":null,""locked"":true,""source"":""ai"",""example"":""Vi ses om en time."",""coverage"":{""produced"":0,""last_seen"":null,""recognized"":0},""created_at"":""2026-09-21T13:36:36.577Z"",""removed_at"":null,""example_translation"":""Увидимся через час.""}]","о, об: recognized 2, produced 0, last seen 2026-09-21T16:59:01.655Z",preposition,,Vi taler om vejret.,Мы говорим о погоде.,learning,0,false,om,2026-09-21T13:36:37.483566+00:00,2026-09-21T16:59:01.655025+00:00,100,fragile,2026-09-22T16:59:01.576+00:00,2,0.12584424,8.77916217,4,0,0,0,1,2026-09-21T16:59:01.576+00:00,4,2,0,2,0,2,0,2,2026-09-21T14:31:17.703+00:00,2026-09-21T16:59:01.576+00:00,0,0,0,0,0,0,0,,"[{""reviewed_at"":""2026-09-21T14:31:17.703+00:00"",""study_date"":""2026-09-21"",""rating"":1,""answer_result"":""incorrect"",""answer_text"":null,""previous_state"":0,""stability_days"":0.212,""difficulty"":6.4133,""scheduled_days"":0},{""reviewed_at"":""2026-09-21T16:29:34.131+00:00"",""study_date"":""2026-09-21"",""rating"":1,""answer_result"":""incorrect"",""answer_text"":""из"",""previous_state"":1,""stability_days"":0.08335672,""difficulty"":8.80630447,""scheduled_days"":0},{""reviewed_at"":""2026-09-21T16:31:21.262+00:00"",""study_date"":""2026-09-21"",""rating"":3,""answer_result"":""correct"",""answer_text"":""о, об"",""previous_state"":1,""stability_days"":0.10314065,""difficulty"":8.79272653,""scheduled_days"":0},{""reviewed_at"":""2026-09-21T16:59:01.576+00:00"",""study_date"":""2026-09-21"",""rating"":3,""answer_result"":""correct"",""answer_text"":""о, об"",""previous_state"":1,""stability_days"":0.12584424,""difficulty"":8.77916217,""scheduled_days"":1}]",[]
ordly-material-v1,2026-09-22T08:53:56.717Z,word,69ec4fe9-a7a7-439b-af08-9bb301819fc7,word,være,вэ́эа,words/vaere-77152444.mp3,быть,быть [verb; ai],"[{""id"":""9b0af59e-3423-569d-b1d4-17f539f3b118"",""pos"":""verb"",""note"":null,""text"":""быть"",""gender"":null,""locked"":false,""source"":""ai"",""example"":null,""coverage"":{""produced"":0,""last_seen"":""2026-09-21T16:57:56.514Z"",""recognized"":2},""created_at"":""2026-09-21T07:05:48.023Z"",""removed_at"":null,""example_translation"":null}]","быть: recognized 2, produced 0, last seen 2026-09-21T16:57:56.514Z",verb,,Han vil være læge.,Он хочет быть врачом.,learning,0,false,være,2026-09-21T07:06:03.843072+00:00,2026-09-21T16:57:56.514599+00:00,100,building,2026-09-22T16:57:56.441+00:00,2,1.37716224,5.09241299,3,0,0,0,1,2026-09-21T16:57:56.441+00:00,3,0,1,2,0,2,1,0,2026-09-21T14:15:58.338+00:00,2026-09-21T16:57:56.441+00:00,0,0,0,0,0,0,0,,"[{""reviewed_at"":""2026-09-21T14:15:58.338+00:00"",""study_date"":""2026-09-21"",""rating"":2,""answer_result"":""mostly"",""answer_text"":""был"",""previous_state"":0,""stability_days"":1.2931,""difficulty"":5.11217071,""scheduled_days"":0},{""reviewed_at"":""2026-09-21T16:22:23.16+00:00"",""study_date"":""2026-09-21"",""rating"":3,""answer_result"":""correct"",""answer_text"":""быть"",""previous_state"":1,""stability_days"":1.33589976,""difficulty"":5.10228691,""scheduled_days"":0},{""reviewed_at"":""2026-09-21T16:57:56.441+00:00"",""study_date"":""2026-09-21"",""rating"":3,""answer_result"":""correct"",""answer_text"":""быть"",""previous_state"":1,""stability_days"":1.37716224,""difficulty"":5.09241299,""scheduled_days"":1}]",[]